"","Gen","Scr","Class"
"FAM184B","FAM184B",0,"NotAge"
"MED28","MED28",0.125,"NotAge"
"HGFAC","HGFAC",0,"NotAge"
"HPN","HPN",1.125,"NotAge"
"FTCD","FTCD",0.125,"NotAge"
"CDK11B","CDK11B",0.125,"NotAge"
"SFSWAP","SFSWAP",1.5,"NotAge"
"SART1","SART1",2.5,"NotAge"
"CDK11A","CDK11A",0.125,"NotAge"
"GNB1","GNB1",0.125,"NotAge"
"INTS11","INTS11",1.625,"NotAge"
"RAB7A","RAB7A",0.25,"NotAge"
"TRPC4AP","TRPC4AP",2.125,"NotAge"
"HERC3","HERC3",0.75,"NotAge"
"SNX32","SNX32",0.375,"NotAge"
"VPS4A","VPS4A",0.875,"NotAge"
"RPL7P6","RPL7P6",1.25,"NotAge"
"ADD1","ADD1",0.75,"NotAge"
"GRIPAP1","GRIPAP1",0.875,"NotAge"
"KIAA2013","KIAA2013",0,"NotAge"
"MBD3","MBD3",0.125,"NotAge"
"CRIP1P3","CRIP1P3",0.375,"NotAge"
"MRPS34","MRPS34",0.125,"NotAge"
"COASY","COASY",0.125,"NotAge"
"HAS3","HAS3",0.125,"NotAge"
"SZRD1","SZRD1",1.625,"NotAge"
"KHDRBS1","KHDRBS1",1.75,"NotAge"
"XAB2","XAB2",1,"NotAge"
"UBN1","UBN1",0.25,"NotAge"
"TRAPPC10","TRAPPC10",1.125,"NotAge"
"CRTC2","CRTC2",0.375,"NotAge"
"SRSF9","SRSF9",2.25,"NotAge"
"HNRNPK","HNRNPK",3,"NotAge"
"HNRNPK-AS1","HNRNPK-AS1",2,"NotAge"
"DHX8","DHX8",0.25,"NotAge"
"SLC25A3","SLC25A3",1,"NotAge"
"UBE2A","UBE2A",0.875,"NotAge"
"SF3B2","SF3B2",2.625,"NotAge"
"SH3GLB1","SH3GLB1",0.5,"NotAge"
"HNRNPM","HNRNPM",1.375,"NotAge"
"SF3A1","SF3A1",1.625,"NotAge"
"YY1","YY1",1.125,"NotAge"
"MAPRE1","MAPRE1",0.5,"NotAge"
"UBE2I","UBE2I",2.375,"Age"
"HNRNPL","HNRNPL",2.125,"NotAge"
"HNRNPUL1","HNRNPUL1",2.125,"NotAge"
"EIF4H","EIF4H",0.5,"NotAge"
"UBE2D3","UBE2D3",0.375,"NotAge"
"EIF4G2","EIF4G2",0.5,"NotAge"
"SRSF4","SRSF4",0.375,"NotAge"
"SMG7","SMG7",1.5,"NotAge"
"DLST","DLST",1.125,"NotAge"
"PSPC1","PSPC1",1,"NotAge"
"RNF114","RNF114",0.125,"NotAge"
"INO80","INO80",0.875,"NotAge"
"RBM17","RBM17",1.25,"NotAge"
"HNRNPD","HNRNPD",2,"NotAge"
"GPBP1L1","GPBP1L1",0.5,"NotAge"
"TMEM183A","TMEM183A",0.625,"NotAge"
"SF1","SF1",0.875,"NotAge"
"UQCRFS1","UQCRFS1",0.75,"NotAge"
"MMGT1","MMGT1",0.375,"NotAge"
"SP3","SP3",0.75,"NotAge"
"SETP15","SETP15",1.5,"NotAge"
"THAP12P6","THAP12P6",0.875,"NotAge"
"IL6R-AS1","IL6R-AS1",0.375,"NotAge"
"EIF4HP1","EIF4HP1",0.375,"NotAge"
"ISY1","ISY1",0.625,"NotAge"
"RNPS1P1","RNPS1P1",0.625,"NotAge"
"PCBP2P2","PCBP2P2",0.5,"NotAge"
"PCBP2-OT1","PCBP2-OT1",0.25,"NotAge"
"LSM14A","LSM14A",1,"NotAge"
"ARAF","ARAF",0.875,"NotAge"
"SRF","SRF",0.625,"NotAge"
"AUP1","AUP1",3,"NotAge"
"APH1A","APH1A",0.625,"NotAge"
"RALY","RALY",1.125,"NotAge"
"DHX38","DHX38",2,"NotAge"
"DPP9","DPP9",1.25,"NotAge"
"SF3B4","SF3B4",1.875,"NotAge"
"SYVN1","SYVN1",1.625,"NotAge"
"HLA-N","HLA-N",0.875,"NotAge"
"FAM209A","FAM209A",0.5,"NotAge"
"ZDHHC5","ZDHHC5",0.625,"NotAge"
"UBE2Q1","UBE2Q1",1.875,"NotAge"
"STX5","STX5",0.375,"NotAge"
"UBE2Q1-AS1","UBE2Q1-AS1",1.125,"NotAge"
"CLASRP","CLASRP",0.625,"NotAge"
"DCAF15","DCAF15",1,"NotAge"
"MTA2","MTA2",0.75,"NotAge"
"CDC42","CDC42",0.5,"Age"
"RAB5C","RAB5C",0.5,"NotAge"
"ABI1","ABI1",0.75,"NotAge"
"CCNK","CCNK",0.5,"NotAge"
"STRN4","STRN4",0.375,"NotAge"
"SETD1A","SETD1A",0.5,"NotAge"
"CHIC2","CHIC2",0.375,"NotAge"
"RAB35","RAB35",0.125,"NotAge"
"NAA60","NAA60",0.125,"NotAge"
"FBXL12","FBXL12",0.25,"NotAge"
"ARHGDIA","ARHGDIA",0.25,"NotAge"
"ZNF687","ZNF687",0.125,"NotAge"
"ARF1","ARF1",0.75,"NotAge"
"VTI1A","VTI1A",0.625,"NotAge"
"MAGOH","MAGOH",0.625,"NotAge"
"YY1AP1","YY1AP1",0.75,"NotAge"
"ZNF592","ZNF592",0.625,"NotAge"
"RELA","RELA",0.375,"Age"
"CDC42P6","CDC42P6",0.5,"NotAge"
"CSDE1","CSDE1",1.25,"NotAge"
"STEEP1","STEEP1",0.125,"NotAge"
"GATAD2A","GATAD2A",0.125,"NotAge"
"PPP1R37","PPP1R37",0,"NotAge"
"TNPO2","TNPO2",0.125,"NotAge"
"TRNP1","TRNP1",0.375,"NotAge"
"CNTNAP1","CNTNAP1",3.75,"NotAge"
"PPFIA4","PPFIA4",3.875,"NotAge"
"LARP6","LARP6",2.875,"NotAge"
"SEZ6L2","SEZ6L2",2.125,"NotAge"
"DHRS4L1","DHRS4L1",2.25,"NotAge"
"CEP170B","CEP170B",1.375,"NotAge"
"GPC1","GPC1",0.625,"NotAge"
"SPEG","SPEG",1.625,"NotAge"
"CAMSAP3","CAMSAP3",0.625,"NotAge"
"COL16A1","COL16A1",0.875,"NotAge"
"MYH14","MYH14",1.125,"NotAge"
"TNS2","TNS2",0.5,"NotAge"
"NRN1","NRN1",1.375,"NotAge"
"VGF","VGF",0.75,"NotAge"
"ARHGAP39","ARHGAP39",1,"NotAge"
"LINP1","LINP1",1.75,"NotAge"
"MPRIP-AS1","MPRIP-AS1",1.5,"NotAge"
"TMEM132A","TMEM132A",0.875,"NotAge"
"NPM1P39","NPM1P39",0,"NotAge"
"MTND5P27","MTND5P27",0.125,"NotAge"
"WDTC1","WDTC1",0,"NotAge"
"RPL23AP85","RPL23AP85",0,"NotAge"
"IGKV3-15","IGKV3-15",0.125,"NotAge"
"NDUFA5P10","NDUFA5P10",0,"NotAge"
"LINC00381","LINC00381",0.125,"NotAge"
"AIDAP1","AIDAP1",0.125,"NotAge"
"PKHD1","PKHD1",0,"NotAge"
"VCY1B","VCY1B",0.125,"NotAge"
"VCY","VCY",0.125,"NotAge"
"VCX3A","VCX3A",0.125,"NotAge"
"KRTAP5-2","KRTAP5-2",0.125,"NotAge"
"ZNF625-ZNF20","ZNF625-ZNF20",0.125,"NotAge"
"KLRK1","KLRK1",0.125,"NotAge"
"LINC01249","LINC01249",0.125,"NotAge"
"NCOR1P1","NCOR1P1",0.125,"NotAge"
"SPRR2F","SPRR2F",0.125,"NotAge"
"ESX1","ESX1",0.125,"NotAge"
"FNBP4","FNBP4",0.375,"NotAge"
"ZC3H11A","ZC3H11A",0.875,"NotAge"
"CHD8","CHD8",0.875,"NotAge"
"DHX15","DHX15",0.375,"NotAge"
"PRPF4B","PRPF4B",0.375,"NotAge"
"SF3B1","SF3B1",0.5,"NotAge"
"PRRC2C","PRRC2C",0.375,"NotAge"
"FCF1P1","FCF1P1",0.375,"NotAge"
"SNAP25-AS1","SNAP25-AS1",0.25,"NotAge"
"TLK2","TLK2",0.5,"NotAge"
"TAF1","TAF1",0.375,"Age"
"SRSF11","SRSF11",0.25,"NotAge"
"PHF3","PHF3",0.125,"NotAge"
"SEC24B","SEC24B",0.125,"NotAge"
"BAZ2A","BAZ2A",0.125,"NotAge"
"RCOR3","RCOR3",0.125,"NotAge"
"SCAF11","SCAF11",0.125,"NotAge"
"UBXN4","UBXN4",0.25,"NotAge"
"PARP6","PARP6",0.125,"NotAge"
"RTF1","RTF1",0.125,"NotAge"
"ARID4B","ARID4B",0.125,"NotAge"
"CELF1","CELF1",0.125,"NotAge"
"CASQ2","CASQ2",1.75,"NotAge"
"HHATL","HHATL",5.25,"NotAge"
"SLC6A7","SLC6A7",5.375,"NotAge"
"SYT7","SYT7",5.875,"NotAge"
"CLDN11","CLDN11",5.5,"NotAge"
"STMN4","STMN4",5,"NotAge"
"ATP1A2","ATP1A2",4.5,"NotAge"
"SYT13","SYT13",4.625,"NotAge"
"NRXN3","NRXN3",3.75,"NotAge"
"GABRA1","GABRA1",3.875,"NotAge"
"DKK3","DKK3",6,"NotAge"
"PTPRN","PTPRN",5.5,"NotAge"
"CBLN4","CBLN4",5.375,"NotAge"
"RASGRF1","RASGRF1",6,"NotAge"
"CAMK2B","CAMK2B",5.5,"NotAge"
"BCAS1","BCAS1",6.125,"NotAge"
"SNAP91","SNAP91",5,"NotAge"
"NGEF","NGEF",6,"NotAge"
"SYT1","SYT1",4.5,"NotAge"
"ATP2B3","ATP2B3",5.625,"NotAge"
"CAMK2A","CAMK2A",5,"NotAge"
"PPP2R2C","PPP2R2C",6,"NotAge"
"WSCD2","WSCD2",5.875,"NotAge"
"RBFOX1","RBFOX1",6,"NotAge"
"GNAO1","GNAO1",5.5,"NotAge"
"EPB41L1","EPB41L1",5.125,"NotAge"
"LZTS3","LZTS3",5.875,"NotAge"
"RPH3A","RPH3A",4.875,"NotAge"
"CHGB","CHGB",6,"NotAge"
"RAPGEF4","RAPGEF4",5,"NotAge"
"PITPNM3","PITPNM3",6.25,"NotAge"
"RIMS4","RIMS4",4.75,"NotAge"
"CELF4","CELF4",4.75,"NotAge"
"SYP","SYP",5.875,"NotAge"
"CBLN1","CBLN1",5.75,"NotAge"
"NDRG4","NDRG4",5.5,"NotAge"
"ZP2","ZP2",5.25,"NotAge"
"SLC17A7","SLC17A7",4.875,"NotAge"
"APLP1","APLP1",5.375,"NotAge"
"ATP1A3","ATP1A3",5.5,"NotAge"
"SH3GL2","SH3GL2",5.5,"NotAge"
"ASPA","ASPA",5.125,"NotAge"
"SEPTIN4","SEPTIN4",5.375,"NotAge"
"CPE","CPE",5.5,"NotAge"
"B3GAT1","B3GAT1",5.5,"NotAge"
"ELMOD1","ELMOD1",4.5,"NotAge"
"PTPN5","PTPN5",5.375,"NotAge"
"DAO","DAO",5.625,"NotAge"
"KCNA1","KCNA1",3.875,"NotAge"
"GABRG2","GABRG2",4.5,"NotAge"
"FGF1","FGF1",4.125,"NotAge"
"CSPG5","CSPG5",6,"NotAge"
"HPCAL4","HPCAL4",5.25,"NotAge"
"RIMS3","RIMS3",4.875,"NotAge"
"RGS4","RGS4",4.375,"NotAge"
"SLC8A2","SLC8A2",5.375,"NotAge"
"PHF24","PHF24",5.5,"NotAge"
"PLP1","PLP1",6,"NotAge"
"SLC12A5","SLC12A5",5.875,"NotAge"
"GRM4","GRM4",5.5,"NotAge"
"PCSK2","PCSK2",4.875,"NotAge"
"RNF112","RNF112",5.5,"NotAge"
"CHN1","CHN1",5.125,"NotAge"
"KCNC1","KCNC1",5.375,"NotAge"
"DPP6","DPP6",4.25,"NotAge"
"KIF1A","KIF1A",5.625,"NotAge"
"UNC13A","UNC13A",4.875,"NotAge"
"SULT4A1","SULT4A1",5.25,"NotAge"
"OLFM1","OLFM1",5.625,"NotAge"
"GFAP","GFAP",5.5,"NotAge"
"GALNT15","GALNT15",4,"NotAge"
"PPP1R1B","PPP1R1B",5.5,"NotAge"
"SNAP25","SNAP25",6,"NotAge"
"MRO","MRO",3.75,"NotAge"
"APLNR","APLNR",5.5,"NotAge"
"FAIM2","FAIM2",5.25,"NotAge"
"RGS8","RGS8",3.875,"NotAge"
"GAD2","GAD2",4,"NotAge"
"GABBR2","GABBR2",4.5,"NotAge"
"ZNF365","ZNF365",4.75,"NotAge"
"CACNA1A","CACNA1A",5.75,"Age"
"SCD5","SCD5",4.5,"NotAge"
"GABRA6","GABRA6",6,"NotAge"
"CPLX2","CPLX2",5.75,"NotAge"
"SLC39A12","SLC39A12",3.875,"NotAge"
"INA","INA",5.125,"NotAge"
"SCN2B","SCN2B",6.125,"NotAge"
"HSPB8","HSPB8",5.75,"NotAge"
"SPOCK1","SPOCK1",4.5,"NotAge"
"SPARCL1","SPARCL1",4,"NotAge"
"CNTNAP4","CNTNAP4",3.875,"NotAge"
"ZIC1","ZIC1",6.125,"NotAge"
"CA10","CA10",6,"NotAge"
"KIF5A","KIF5A",5.75,"NotAge"
"LHFPL4","LHFPL4",5,"NotAge"
"NMNAT2","NMNAT2",4.75,"NotAge"
"ATP2B2","ATP2B2",4.625,"NotAge"
"SLC6A1","SLC6A1",6.125,"NotAge"
"SYN2","SYN2",5.875,"NotAge"
"HTR5A","HTR5A",5.75,"NotAge"
"FAM131B","FAM131B",5.5,"NotAge"
"CELF5","CELF5",5.5,"NotAge"
"CADM3","CADM3",5.5,"NotAge"
"KCNJ9","KCNJ9",6.125,"NotAge"
"KCNJ3","KCNJ3",3.5,"NotAge"
"VSNL1","VSNL1",5.5,"NotAge"
"ADORA1","ADORA1",5.5,"NotAge"
"NFASC","NFASC",4.875,"NotAge"
"SYNPR","SYNPR",5.125,"NotAge"
"ABLIM2","ABLIM2",5.625,"NotAge"
"ETNPPL","ETNPPL",4.5,"NotAge"
"SMIM43","SMIM43",5.625,"NotAge"
"HCN1","HCN1",3.75,"NotAge"
"KCNV1","KCNV1",3.75,"NotAge"
"DIRAS2","DIRAS2",4.625,"NotAge"
"HSPA12A","HSPA12A",4.875,"NotAge"
"KCNC2","KCNC2",4.75,"NotAge"
"SVOP","SVOP",4.25,"NotAge"
"GPRC5B","GPRC5B",6,"NotAge"
"KIF5C","KIF5C",3.75,"NotAge"
"MOBP","MOBP",5.25,"NotAge"
"PHYHIP","PHYHIP",5.5,"NotAge"
"CHRM1","CHRM1",5.375,"NotAge"
"VXN","VXN",4.375,"NotAge"
"KCNK9","KCNK9",5.75,"NotAge"
"DLGAP1","DLGAP1",4,"NotAge"
"GPR37","GPR37",5.375,"NotAge"
"RCAN2","RCAN2",5.25,"NotAge"
"ARNT2","ARNT2",5.25,"NotAge"
"CREG2","CREG2",4.25,"NotAge"
"RN7SKP182","RN7SKP182",4.875,"NotAge"
"LINC03053","LINC03053",6,"NotAge"
"CYCSP12","CYCSP12",5.375,"NotAge"
"OR9R1P","OR9R1P",5.125,"NotAge"
"LINC01706","LINC01706",5.75,"NotAge"
"OFD1P13Y","OFD1P13Y",4,"NotAge"
"SNRPEP5","SNRPEP5",5.75,"NotAge"
"ZNF567-DT","ZNF567-DT",4.375,"NotAge"
"RFKP5","RFKP5",4.5,"NotAge"
"MTND4P32","MTND4P32",3,"NotAge"
"ZNF32-AS1","ZNF32-AS1",4.875,"NotAge"
"KRT18P36","KRT18P36",4.25,"NotAge"
"SNORD57","SNORD57",5.625,"NotAge"
"BCAS2P3","BCAS2P3",5.625,"NotAge"
"PABPC1L2B-AS1","PABPC1L2B-AS1",5.625,"NotAge"
"PSME2P6","PSME2P6",5.25,"NotAge"
"ANKRD34C","ANKRD34C",3.75,"NotAge"
"CELSR1P1","CELSR1P1",4.75,"NotAge"
"MIR124-1HG","MIR124-1HG",4.625,"NotAge"
"GRM5-AS1","GRM5-AS1",3.625,"NotAge"
"LINC00507","LINC00507",3.625,"NotAge"
"SEPTIN4-AS1","SEPTIN4-AS1",5.875,"NotAge"
"NEFL","NEFL",6,"NotAge"
"CYP26B1","CYP26B1",5.625,"NotAge"
"LINC01649","LINC01649",0,"NotAge"
"MDN1-AS1","MDN1-AS1",0.125,"NotAge"
"ATP1B1","ATP1B1",1.75,"NotAge"
"NCDN","NCDN",4.375,"NotAge"
"PLEKHH1","PLEKHH1",4.5,"NotAge"
"PRKCZ","PRKCZ",4,"NotAge"
"KIF3C","KIF3C",2.125,"NotAge"
"MAPRE3","MAPRE3",4.75,"NotAge"
"JPH4","JPH4",5,"NotAge"
"NEFH","NEFH",3.125,"NotAge"
"DRP2","DRP2",4.125,"NotAge"
"CADM4","CADM4",5.875,"NotAge"
"NCS1","NCS1",5.75,"NotAge"
"EFHD1","EFHD1",5.375,"NotAge"
"KCNIP2","KCNIP2",4.375,"NotAge"
"NAPB","NAPB",2.125,"NotAge"
"MCF2L","MCF2L",5.625,"NotAge"
"HABP4","HABP4",4.875,"NotAge"
"ERMN","ERMN",1.75,"NotAge"
"STXBP1","STXBP1",5,"NotAge"
"CBLN3","CBLN3",5.125,"NotAge"
"TCTE1","TCTE1",5.125,"NotAge"
"TMEM178A","TMEM178A",5,"NotAge"
"MICU3","MICU3",2.125,"NotAge"
"BRSK1","BRSK1",5.75,"NotAge"
"CAMK2N1","CAMK2N1",5,"NotAge"
"SERPINI1","SERPINI1",3.875,"NotAge"
"NDRG2","NDRG2",4,"NotAge"
"TEF","TEF",5,"NotAge"
"KCNAB1","KCNAB1",2.25,"NotAge"
"GPR37L1","GPR37L1",4.625,"NotAge"
"TPPP","TPPP",5.25,"NotAge"
"SYNPO","SYNPO",5.875,"NotAge"
"IL17D","IL17D",3,"NotAge"
"B4GAT1","B4GAT1",5.25,"NotAge"
"RNA5SP487","RNA5SP487",3,"NotAge"
"LINC00370","LINC00370",3.875,"NotAge"
"EML4-AS1","EML4-AS1",2.25,"NotAge"
"FAM236D","FAM236D",3.875,"NotAge"
"RPL35AP7","RPL35AP7",3.5,"NotAge"
"RPS12P5","RPS12P5",4.25,"NotAge"
"SMYD3-AS1","SMYD3-AS1",5.875,"NotAge"
"CNN2P1","CNN2P1",5.25,"NotAge"
"ANKRD34A","ANKRD34A",4.875,"NotAge"
"PREPL","PREPL",1.625,"NotAge"
"SLC3A1","SLC3A1",1.5,"NotAge"
"DNM1","DNM1",0.75,"NotAge"
"PPP1R3F","PPP1R3F",0.625,"NotAge"
"SOX8","SOX8",4.375,"NotAge"
"ABCC8","ABCC8",4.875,"NotAge"
"CACNG3","CACNG3",4,"NotAge"
"CX3CL1","CX3CL1",1.625,"NotAge"
"CACNA1G","CACNA1G",5.375,"NotAge"
"SYN1","SYN1",4.75,"NotAge"
"CAMK1G","CAMK1G",4.875,"NotAge"
"MAPK8IP2","MAPK8IP2",5.25,"NotAge"
"PHLDB1","PHLDB1",2,"NotAge"
"PLEKHB1","PLEKHB1",4.75,"NotAge"
"PSD","PSD",4.5,"NotAge"
"CA11","CA11",5,"NotAge"
"TLE2","TLE2",4,"NotAge"
"PDZD4","PDZD4",5.5,"NotAge"
"ADAM11","ADAM11",4.375,"NotAge"
"SNCB","SNCB",3.75,"NotAge"
"KCNQ2","KCNQ2",5.375,"NotAge"
"RGS11","RGS11",4,"NotAge"
"PCDHGA2","PCDHGA2",1.875,"NotAge"
"CHRD","CHRD",4.5,"NotAge"
"SLC22A17","SLC22A17",4.875,"NotAge"
"TYRO3","TYRO3",2.5,"NotAge"
"CRTAC1","CRTAC1",4,"NotAge"
"STX1B","STX1B",4.125,"NotAge"
"HCN2","HCN2",4.625,"NotAge"
"SLC7A4","SLC7A4",3.875,"NotAge"
"SEPTIN3","SEPTIN3",2.875,"NotAge"
"RASD2","RASD2",2.25,"NotAge"
"CACNA1I","CACNA1I",2.125,"NotAge"
"PVALB","PVALB",4,"NotAge"
"CHGA","CHGA",5,"NotAge"
"GALNT16","GALNT16",3.125,"NotAge"
"CPNE6","CPNE6",4.75,"NotAge"
"HRH3","HRH3",3.875,"NotAge"
"CHRNA4","CHRNA4",5,"NotAge"
"EEF1A2","EEF1A2",2.625,"NotAge"
"SNPH","SNPH",5.25,"NotAge"
"CCM2L","CCM2L",1.125,"NotAge"
"SLC32A1","SLC32A1",4.875,"NotAge"
"SYNDIG1","SYNDIG1",3.875,"NotAge"
"FA2H","FA2H",4.875,"NotAge"
"NECAB2","NECAB2",3.25,"NotAge"
"AP3B2","AP3B2",4.625,"NotAge"
"ENTREP2","ENTREP2",4.25,"NotAge"
"NEFM","NEFM",4.5,"NotAge"
"TUBB4A","TUBB4A",4.375,"NotAge"
"OLFM2","OLFM2",5.5,"NotAge"
"SLC1A6","SLC1A6",4.875,"NotAge"
"CACNG7","CACNG7",4.5,"NotAge"
"MAST1","MAST1",4.625,"NotAge"
"KCNN1","KCNN1",3.125,"NotAge"
"RAB3A","RAB3A",4.375,"NotAge"
"MAG","MAG",5.125,"NotAge"
"TMEM59L","TMEM59L",4.375,"NotAge"
"SCN1B","SCN1B",3.75,"NotAge"
"COBL","COBL",4.375,"NotAge"
"KCNT1","KCNT1",5.125,"NotAge"
"ASIC2","ASIC2",5.25,"NotAge"
"MPP2","MPP2",2.25,"NotAge"
"ALDOC","ALDOC",5.25,"NotAge"
"CRTAM","CRTAM",2.5,"NotAge"
"CCKBR","CCKBR",4.25,"NotAge"
"ENO2","ENO2",2.125,"NotAge"
"UNC5A","UNC5A",3.375,"NotAge"
"SLC30A3","SLC30A3",4.5,"NotAge"
"FNDC4","FNDC4",4,"NotAge"
"APC2","APC2",3.125,"NotAge"
"CHD5","CHD5",3.25,"NotAge"
"FBXO2","FBXO2",4.75,"NotAge"
"IGSF21","IGSF21",4.125,"NotAge"
"TTR","TTR",4.875,"NotAge"
"CRHR1","CRHR1",5,"NotAge"
"CHRNA2","CHRNA2",2.125,"NotAge"
"MAPK8IP1","MAPK8IP1",5.25,"NotAge"
"ADGRB2","ADGRB2",5.125,"NotAge"
"HPCA","HPCA",5,"NotAge"
"HS3ST2","HS3ST2",1.625,"NotAge"
"LDB3","LDB3",2.375,"NotAge"
"CNTFR","CNTFR",4.625,"NotAge"
"KCNS1","KCNS1",4.125,"NotAge"
"PACSIN1","PACSIN1",5,"NotAge"
"BARHL1","BARHL1",2.375,"NotAge"
"SLC25A23","SLC25A23",1.875,"NotAge"
"NKX2-2","NKX2-2",2.625,"NotAge"
"PRKCG","PRKCG",4.875,"NotAge"
"HSPA2","HSPA2",5.375,"NotAge"
"SYNGR3","SYNGR3",5.5,"NotAge"
"FBXL16","FBXL16",4.375,"NotAge"
"GNG13","GNG13",3.375,"NotAge"
"CDH15","CDH15",4.125,"NotAge"
"SYT5","SYT5",4.5,"NotAge"
"GDF1","GDF1",2.25,"NotAge"
"CALY","CALY",3.875,"NotAge"
"RGN","RGN",2.375,"Age"
"LRRC4B","LRRC4B",3.625,"NotAge"
"SLC6A11","SLC6A11",2.5,"NotAge"
"REEP2","REEP2",5.25,"NotAge"
"HAPLN2","HAPLN2",3.875,"NotAge"
"VSTM2L","VSTM2L",3.125,"NotAge"
"DUSP26","DUSP26",5.125,"NotAge"
"B4GALNT1","B4GALNT1",4,"NotAge"
"ARHGEF4","ARHGEF4",5.75,"NotAge"
"NACAD","NACAD",5,"NotAge"
"DAB2IP","DAB2IP",5.125,"NotAge"
"PIANP","PIANP",3,"NotAge"
"SRRM4","SRRM4",2.75,"NotAge"
"RTN1","RTN1",3.875,"NotAge"
"LMAN1L","LMAN1L",4.875,"NotAge"
"RNF157","RNF157",1.75,"NotAge"
"MAPK4","MAPK4",3,"NotAge"
"STAC2","STAC2",4.625,"NotAge"
"LMTK3","LMTK3",4.25,"NotAge"
"CACNG8","CACNG8",2.5,"NotAge"
"BARHL2","BARHL2",4.5,"NotAge"
"SUSD4","SUSD4",3.375,"NotAge"
"ZNF385B","ZNF385B",2.625,"NotAge"
"CPNE9","CPNE9",3.5,"NotAge"
"TAGLN3","TAGLN3",3.625,"NotAge"
"VWA5B2","VWA5B2",4.125,"NotAge"
"PSD2","PSD2",4.125,"NotAge"
"TTBK1","TTBK1",4.625,"NotAge"
"FRMPD3","FRMPD3",2.875,"NotAge"
"PLCH2","PLCH2",3.75,"NotAge"
"KIAA1755","KIAA1755",4.125,"NotAge"
"CDH22","CDH22",5.125,"NotAge"
"TLCD3B","TLCD3B",4.375,"NotAge"
"SERP2","SERP2",4.125,"NotAge"
"RIT2","RIT2",4,"NotAge"
"NRSN1","NRSN1",2.75,"NotAge"
"C16orf89","C16orf89",2.375,"NotAge"
"LGI4","LGI4",4.875,"NotAge"
"THY1","THY1",4.875,"NotAge"
"JPH3","JPH3",5.125,"NotAge"
"GOLGA7B","GOLGA7B",4.875,"NotAge"
"CABP1","CABP1",5,"NotAge"
"EXTL1","EXTL1",5,"NotAge"
"DYNC1I1","DYNC1I1",3.375,"NotAge"
"SLC5A11","SLC5A11",2.875,"NotAge"
"CELF3","CELF3",4.625,"NotAge"
"HIPK4","HIPK4",3.625,"NotAge"
"SPTBN4","SPTBN4",5.25,"NotAge"
"GRIN2C","GRIN2C",3.125,"NotAge"
"PRR35","PRR35",2.5,"NotAge"
"SLC45A1","SLC45A1",4.25,"NotAge"
"C1orf115","C1orf115",4.125,"NotAge"
"KCNF1","KCNF1",5,"NotAge"
"LMOD1","LMOD1",1.25,"NotAge"
"CAMK2N2","CAMK2N2",4.5,"NotAge"
"BSN","BSN",3.75,"NotAge"
"AQP7","AQP7",2.375,"NotAge"
"NGB","NGB",3.875,"NotAge"
"SOHLH1","SOHLH1",3.875,"NotAge"
"SCN3B","SCN3B",3.375,"NotAge"
"APBB1","APBB1",5.125,"NotAge"
"TMEM130","TMEM130",2.375,"NotAge"
"CACNG2","CACNG2",3.125,"NotAge"
"ELFN2","ELFN2",4.625,"NotAge"
"NYAP1","NYAP1",5,"NotAge"
"RBFOX3","RBFOX3",4.25,"NotAge"
"PRRT2","PRRT2",5,"NotAge"
"TTYH1","TTYH1",4.625,"NotAge"
"TMEM145","TMEM145",4.5,"NotAge"
"HID1","HID1",4.5,"NotAge"
"MGAT5B","MGAT5B",1.625,"NotAge"
"RAB26","RAB26",4.25,"NotAge"
"KCNJ4","KCNJ4",4.75,"NotAge"
"HR","HR",2.625,"NotAge"
"LGI3","LGI3",5.375,"NotAge"
"SFTPC","SFTPC",3.5,"NotAge"
"NSG1","NSG1",3.625,"NotAge"
"CPLX1","CPLX1",3.375,"NotAge"
"NTSR2","NTSR2",5,"NotAge"
"TMEM266","TMEM266",3.5,"NotAge"
"LINGO1","LINGO1",4.625,"NotAge"
"NSG2","NSG2",3.625,"NotAge"
"ADRA1B","ADRA1B",3.125,"NotAge"
"HSPB2","HSPB2",3.625,"NotAge"
"ATP6V0E2","ATP6V0E2",4.25,"NotAge"
"NPTX1","NPTX1",3.5,"NotAge"
"KCNK3","KCNK3",5,"NotAge"
"CDK5R2","CDK5R2",4.375,"NotAge"
"NEUROD2","NEUROD2",3.75,"NotAge"
"PLEKHG5","PLEKHG5",3.25,"NotAge"
"KNDC1","KNDC1",5,"NotAge"
"ABCG4","ABCG4",5.125,"NotAge"
"CARNS1","CARNS1",4.875,"NotAge"
"FADS6","FADS6",5,"NotAge"
"ADCY5","ADCY5",5.25,"Age"
"SYT12","SYT12",5.625,"NotAge"
"SNCG","SNCG",4,"Age"
"WFIKKN2","WFIKKN2",2.125,"NotAge"
"HAP1","HAP1",5.125,"NotAge"
"MFSD4A","MFSD4A",2.625,"NotAge"
"TTC9B","TTC9B",3.875,"NotAge"
"NPAS4","NPAS4",0.875,"NotAge"
"BRSK2","BRSK2",5.25,"NotAge"
"CNIH2","CNIH2",2.625,"NotAge"
"ASPHD1","ASPHD1",3.875,"NotAge"
"ZIC4","ZIC4",4.125,"NotAge"
"KLC2","KLC2",2.125,"NotAge"
"CHST1","CHST1",3.875,"NotAge"
"EIF4E1B","EIF4E1B",3.75,"NotAge"
"PRIMA1","PRIMA1",1.5,"NotAge"
"DHFRP6","DHFRP6",2.625,"NotAge"
"MIR1305","MIR1305",2.75,"NotAge"
"MIR548O","MIR548O",2.375,"NotAge"
"MIR1260A","MIR1260A",4.625,"NotAge"
"ZNF816-ZNF321P","ZNF816-ZNF321P",4.5,"NotAge"
"RNU2-59P","RNU2-59P",3.75,"NotAge"
"RNU2-47P","RNU2-47P",2.5,"NotAge"
"RNU6-1217P","RNU6-1217P",4.875,"NotAge"
"RNY3P8","RNY3P8",4,"NotAge"
"LINC02661","LINC02661",3.5,"NotAge"
"SFR1P2","SFR1P2",3.875,"NotAge"
"IL10RB-DT","IL10RB-DT",4.125,"NotAge"
"CHROMR","CHROMR",5,"NotAge"
"CCNT2-AS1","CCNT2-AS1",4.875,"NotAge"
"RNPC3-DT","RNPC3-DT",4.125,"NotAge"
"KLHL25P1","KLHL25P1",4.75,"NotAge"
"LINC01657","LINC01657",4.625,"NotAge"
"MAGEA7P","MAGEA7P",3.875,"NotAge"
"MUC20P1","MUC20P1",5.375,"NotAge"
"TOMM20P1","TOMM20P1",4.375,"NotAge"
"TXNP2","TXNP2",4.125,"NotAge"
"LINC02813","LINC02813",4.125,"NotAge"
"PPP1R26-AS1","PPP1R26-AS1",3.75,"NotAge"
"LINC01763","LINC01763",4.875,"NotAge"
"FDPSP1","FDPSP1",5.25,"NotAge"
"DRAXINP1","DRAXINP1",3.25,"NotAge"
"PSMA1P1","PSMA1P1",4.25,"NotAge"
"OR6V1","OR6V1",2.5,"NotAge"
"RPS28P8","RPS28P8",4.875,"NotAge"
"ZKSCAN8P1","ZKSCAN8P1",3.25,"NotAge"
"LINC02549","LINC02549",3.625,"NotAge"
"USF1P1","USF1P1",4,"NotAge"
"SLC9A3P3","SLC9A3P3",4.75,"NotAge"
"LINC02679","LINC02679",4.75,"NotAge"
"AVPR1B-DT","AVPR1B-DT",5.625,"NotAge"
"BTF3P13","BTF3P13",4.375,"NotAge"
"DDX11L16","DDX11L16",2.75,"NotAge"
"CICP17","CICP17",1.875,"NotAge"
"NALF1-IT1","NALF1-IT1",4.875,"NotAge"
"LINC01750","LINC01750",2.625,"NotAge"
"FAM131C2P","FAM131C2P",3.625,"NotAge"
"PTPRT-DT","PTPRT-DT",4.25,"NotAge"
"KRTAP5-AS1","KRTAP5-AS1",3.375,"NotAge"
"CKMT1B","CKMT1B",4.625,"NotAge"
"SYP-AS1","SYP-AS1",3.5,"NotAge"
"LINC00844","LINC00844",3.5,"NotAge"
"PCDHGC3","PCDHGC3",1.25,"NotAge"
"PCDHGC5","PCDHGC5",2.375,"NotAge"
"ARHGEF25","ARHGEF25",4.5,"NotAge"
"ZIC4-AS1","ZIC4-AS1",1.875,"NotAge"
"ARHGDIG","ARHGDIG",3.875,"NotAge"
"PCDHGC4","PCDHGC4",2.375,"NotAge"
"PCP4L1","PCP4L1",3.375,"NotAge"
"PCDHGA12","PCDHGA12",1.25,"NotAge"
"PCDHGB6","PCDHGB6",1,"NotAge"
"PCDHGA5","PCDHGA5",1.75,"NotAge"
"PCDHGA7","PCDHGA7",1.25,"NotAge"
"PCDHGA6","PCDHGA6",0.875,"NotAge"
"PCDHGA8","PCDHGA8",1,"NotAge"
"PCDHGA11","PCDHGA11",1,"NotAge"
"PCDHGB4","PCDHGB4",1,"NotAge"
"PCDHGB7","PCDHGB7",1,"NotAge"
"PCDHGB1","PCDHGB1",1.875,"NotAge"
"PCDHGA3","PCDHGA3",1.875,"NotAge"
"ADGRA1-AS1","ADGRA1-AS1",3.75,"NotAge"
"GALNT9-AS1","GALNT9-AS1",4.75,"NotAge"
"TMEM179","TMEM179",5.375,"NotAge"
"CEROX1","CEROX1",2.625,"NotAge"
"SCRT1","SCRT1",3.875,"NotAge"
"PCDHGA9","PCDHGA9",1.875,"NotAge"
"PCDHGB3","PCDHGB3",1,"NotAge"
"PCDHGA4","PCDHGA4",1.875,"NotAge"
"THY1-AS1","THY1-AS1",4.75,"NotAge"
"ZNF488","ZNF488",1.25,"NotAge"
"FXYD1","FXYD1",3.875,"NotAge"
"LINC01532","LINC01532",4.375,"NotAge"
"LHX1","LHX1",4.375,"NotAge"
"PCDHGB5","PCDHGB5",1.25,"NotAge"
"CCDC92B","CCDC92B",3.25,"NotAge"
"LHX1-DT","LHX1-DT",4.125,"NotAge"
"SRCIN1","SRCIN1",5.25,"NotAge"
"GPIHBP1","GPIHBP1",4.625,"NotAge"
"C1QL2","C1QL2",2.25,"NotAge"
"NKX6-2","NKX6-2",1.75,"NotAge"
"KLF15","KLF15",1.375,"NotAge"
"MIR1471","MIR1471",2,"NotAge"
"COL5A3","COL5A3",1.125,"NotAge"
"MT3","MT3",2.375,"NotAge"
"CPNE5","CPNE5",1.125,"NotAge"
"CARTPT","CARTPT",3.375,"NotAge"
"LINC01886","LINC01886",2.5,"NotAge"
"DBNDD2","DBNDD2",2.75,"NotAge"
"PCDHGA10","PCDHGA10",0.375,"NotAge"
"PCDHGB2","PCDHGB2",0.5,"NotAge"
"NR1D1","NR1D1",0.25,"NotAge"
"KLC2-AS1","KLC2-AS1",0.375,"NotAge"
"CBX7","CBX7",0.125,"NotAge"
"RAB40B","RAB40B",0.125,"NotAge"
"QDPR","QDPR",0.125,"NotAge"
"KRT31","KRT31",1.5,"NotAge"
"CRYM","CRYM",1.875,"NotAge"
"TSPAN7","TSPAN7",1.25,"NotAge"
"RTBDN","RTBDN",2.125,"NotAge"
"NKX2-2-AS1","NKX2-2-AS1",1,"NotAge"
"DMRTC1","DMRTC1",0.25,"NotAge"
"PAQR6","PAQR6",0.375,"NotAge"
"TRIM17","TRIM17",0.125,"NotAge"
"RNU6-174P","RNU6-174P",0.25,"NotAge"
"SYS1-DBNDD2","SYS1-DBNDD2",0.125,"NotAge"
"SUPT7L","SUPT7L",1.375,"NotAge"
"U2AF2","U2AF2",4.125,"NotAge"
"ACIN1","ACIN1",2.5,"NotAge"
"GATC","GATC",2.25,"NotAge"
"SAFB2","SAFB2",0.625,"NotAge"
"CUL9","CUL9",2.25,"NotAge"
"TUBGCP6","TUBGCP6",0.875,"NotAge"
"STRADA","STRADA",1,"NotAge"
"ANAPC5","ANAPC5",0.25,"NotAge"
"ARMH3","ARMH3",1,"NotAge"
"PDS5A","PDS5A",1.25,"NotAge"
"SETDB1","SETDB1",1.25,"NotAge"
"CPSF7","CPSF7",1.25,"NotAge"
"FIP1L1","FIP1L1",0.5,"NotAge"
"SRSF5","SRSF5",0.25,"NotAge"
"PABPN1","PABPN1",0.875,"NotAge"
"KAT8","KAT8",1.125,"NotAge"
"PPHLN1","PPHLN1",1.125,"NotAge"
"SLTM","SLTM",0.5,"NotAge"
"SRRM2","SRRM2",0.625,"NotAge"
"HNRNPA3","HNRNPA3",0.375,"NotAge"
"BCL2L2-PABPN1","BCL2L2-PABPN1",1.25,"NotAge"
"MAPKAPK5","MAPKAPK5",0.375,"NotAge"
"MFSD11","MFSD11",1,"NotAge"
"DDX27","DDX27",0.875,"NotAge"
"MBD1","MBD1",1.125,"NotAge"
"GGA3","GGA3",1.5,"NotAge"
"MAU2","MAU2",1.5,"NotAge"
"GPN2","GPN2",0.375,"NotAge"
"EXOSC10","EXOSC10",0.5,"NotAge"
"INO80B","INO80B",0.625,"NotAge"
"DIS3L2","DIS3L2",0.875,"NotAge"
"EIF2AP4","EIF2AP4",0.375,"NotAge"
"CCAR1","CCAR1",0.25,"NotAge"
"PAPOLA","PAPOLA",0.75,"NotAge"
"STX16","STX16",0.375,"NotAge"
"REV1","REV1",1,"NotAge"
"LINC01537","LINC01537",1,"NotAge"
"TUG1","TUG1",0.5,"NotAge"
"NFATC2IP-AS1","NFATC2IP-AS1",0.25,"NotAge"
"SDR39U1","SDR39U1",0.75,"NotAge"
"GON4L","GON4L",0.875,"NotAge"
"FAM193A","FAM193A",0.875,"NotAge"
"MICU2","MICU2",0.625,"NotAge"
"CIAO1","CIAO1",1.25,"NotAge"
"TUBGCP3","TUBGCP3",1.25,"NotAge"
"HNRNPU","HNRNPU",0.625,"NotAge"
"RBM8A","RBM8A",0.5,"NotAge"
"DCAF8","DCAF8",0.75,"NotAge"
"PIGG","PIGG",0.75,"NotAge"
"PPP4R3B","PPP4R3B",0.25,"NotAge"
"CHTOP","CHTOP",0.25,"NotAge"
"ZNF207","ZNF207",0.25,"NotAge"
"ANAPC4","ANAPC4",0.375,"NotAge"
"SUGP2","SUGP2",0.375,"NotAge"
"H4C1","H4C1",1.375,"NotAge"
"H3C7","H3C7",4.625,"NotAge"
"H2AC14","H2AC14",3.625,"NotAge"
"H3C11","H3C11",2.375,"NotAge"
"MAP3K9","MAP3K9",2,"NotAge"
"ITIH5","ITIH5",1.5,"NotAge"
"ASTN2","ASTN2",2.875,"NotAge"
"PCDH1","PCDH1",0.875,"NotAge"
"GPRIN1","GPRIN1",1,"NotAge"
"HTRA1","HTRA1",0.875,"NotAge"
"KCNMA1","KCNMA1",1.25,"NotAge"
"ADCY1","ADCY1",0.625,"NotAge"
"ZP3P2","ZP3P2",0.625,"NotAge"
"CICP22","CICP22",0.5,"NotAge"
"GDA","GDA",0.25,"NotAge"
"SYNM-AS2","SYNM-AS2",0.25,"NotAge"
"PPP1R13B","PPP1R13B",0.125,"NotAge"
"LARGE1","LARGE1",0.125,"NotAge"
"THADA","THADA",0,"NotAge"
"H2BC3","H2BC3",1.5,"NotAge"
"H4C13","H4C13",1.25,"NotAge"
"SIN3A","SIN3A",0.125,"Age"
"ASXL1","ASXL1",0.75,"NotAge"
"ABCG5","ABCG5",0.125,"NotAge"
"DHRS2","DHRS2",2.625,"NotAge"
"CA9","CA9",2,"NotAge"
"AHSG","AHSG",2,"NotAge"
"ITIH3","ITIH3",2.5,"NotAge"
"TUBAP9","TUBAP9",2.375,"NotAge"
"APOC3","APOC3",1.25,"Age"
"CCN5","CCN5",1.625,"NotAge"
"ISM2","ISM2",1.625,"NotAge"
"SYDE1","SYDE1",1.625,"NotAge"
"STC2","STC2",2.25,"NotAge"
"MLPH","MLPH",1.625,"NotAge"
"TBX2","TBX2",1.625,"NotAge"
"C3","C3",1.25,"NotAge"
"GDF5","GDF5",1.25,"NotAge"
"F10","F10",1.625,"NotAge"
"DUSP9","DUSP9",1.625,"NotAge"
"LOXL2","LOXL2",1.625,"NotAge"
"RBP4","RBP4",1.625,"NotAge"
"IGFBP4","IGFBP4",1,"NotAge"
"FKBP10","FKBP10",1.625,"NotAge"
"MAT1A","MAT1A",1.375,"NotAge"
"ITIH2","ITIH2",2,"NotAge"
"FGFR4","FGFR4",1.625,"NotAge"
"SLC45A2","SLC45A2",1.875,"NotAge"
"SERPINA6","SERPINA6",2,"NotAge"
"KRT19","KRT19",1.625,"NotAge"
"FGA","FGA",2,"NotAge"
"PAH","PAH",1,"NotAge"
"VPS26BP1","VPS26BP1",1.5,"NotAge"
"TYR","TYR",1.875,"NotAge"
"AFP","AFP",2,"NotAge"
"APOH","APOH",2,"NotAge"
"SERPIND1","SERPIND1",2,"NotAge"
"SULT2A1","SULT2A1",1.875,"NotAge"
"SERPINC1","SERPINC1",1.25,"NotAge"
"MLANA","MLANA",1.875,"NotAge"
"SERPINA7","SERPINA7",1.875,"NotAge"
"C4BPB","C4BPB",2,"NotAge"
"PRDM7","PRDM7",2,"NotAge"
"MATN3","MATN3",1,"NotAge"
"IGFBP1","IGFBP1",2.25,"NotAge"
"ALB","ALB",1.875,"NotAge"
"FGG","FGG",1.875,"NotAge"
"RNU6-1076P","RNU6-1076P",1.25,"NotAge"
"SMLR1","SMLR1",1.125,"NotAge"
"DSCAM-AS1","DSCAM-AS1",1.25,"NotAge"
"TRBV10-3","TRBV10-3",0.875,"NotAge"
"BPIFB2","BPIFB2",1.5,"NotAge"
"PGC","PGC",1.5,"NotAge"
"SERPINA4","SERPINA4",1.25,"NotAge"
"PCOLCE","PCOLCE",1.5,"NotAge"
"MOGAT3","MOGAT3",1.5,"NotAge"
"AMBP","AMBP",1.5,"NotAge"
"CPZ","CPZ",1.125,"NotAge"
"APOA5","APOA5",1.25,"NotAge"
"APOA1","APOA1",1.25,"NotAge"
"PAEP","PAEP",0.75,"NotAge"
"SSUH2","SSUH2",0.875,"NotAge"
"WNK4","WNK4",1.625,"NotAge"
"BARX1","BARX1",0.875,"NotAge"
"NR0B2","NR0B2",1.5,"NotAge"
"CGA","CGA",0.75,"NotAge"
"SLC39A5","SLC39A5",1.5,"NotAge"
"TM4SF5","TM4SF5",1.5,"NotAge"
"LEFTY2","LEFTY2",1.625,"NotAge"
"GPC3","GPC3",1.125,"NotAge"
"GPR78","GPR78",0.875,"NotAge"
"APOA2","APOA2",1.5,"NotAge"
"HOXB13","HOXB13",1.625,"NotAge"
"TFF1","TFF1",1.5,"NotAge"
"FABP1","FABP1",0.875,"NotAge"
"SERPINF2","SERPINF2",0.875,"NotAge"
"KLK11","KLK11",1.5,"NotAge"
"SOAT2","SOAT2",0.875,"NotAge"
"CST2","CST2",1.5,"NotAge"
"KRT8","KRT8",1.5,"NotAge"
"RPS20P32","RPS20P32",0.875,"NotAge"
"LINC01118","LINC01118",0.75,"NotAge"
"RN7SKP65","RN7SKP65",1,"NotAge"
"RNA5SP280","RNA5SP280",0.75,"NotAge"
"MEG9","MEG9",1.375,"NotAge"
"LINC01752","LINC01752",1.5,"NotAge"
"DAP3P1","DAP3P1",1.5,"NotAge"
"CT47A6","CT47A6",1.25,"NotAge"
"PCGEM1","PCGEM1",1.125,"NotAge"
"MTND6P18","MTND6P18",1,"NotAge"
"RPL7AP65","RPL7AP65",1.625,"NotAge"
"APOA1-AS","APOA1-AS",1.25,"NotAge"
"TMEM132D-AS1","TMEM132D-AS1",1.125,"NotAge"
"IGLV2-34","IGLV2-34",1.5,"NotAge"
"IGLV2-28","IGLV2-28",1.5,"NotAge"
"LINC00165","LINC00165",1.375,"NotAge"
"TBX2-AS1","TBX2-AS1",0.875,"NotAge"
"PKD1","PKD1",0.125,"NotAge"
"CRTC1","CRTC1",0.125,"NotAge"
"ABHD8","ABHD8",0.125,"NotAge"
"MAP3K10","MAP3K10",0.125,"NotAge"
"CASKIN1","CASKIN1",0.125,"NotAge"
"ACTR2","ACTR2",0.125,"NotAge"
"LINC00355","LINC00355",0.5,"NotAge"
"TM9SF2","TM9SF2",0.125,"NotAge"
"ACTR3","ACTR3",0.25,"NotAge"
"FAM120A","FAM120A",0.375,"NotAge"
"CAP1","CAP1",0.125,"NotAge"
"MARCHF7","MARCHF7",0.125,"NotAge"
"HAUS1P2","HAUS1P2",0.125,"NotAge"
"RPS20P15","RPS20P15",0,"NotAge"
"PCGF3-AS1","PCGF3-AS1",0.125,"NotAge"
"SMARCC1","SMARCC1",0,"NotAge"
"NONO","NONO",0.625,"NotAge"
"ACBD6","ACBD6",0.5,"NotAge"
"RBMX","RBMX",0.25,"NotAge"
"CLCA4","CLCA4",1.5,"NotAge"
"ACTN2","ACTN2",0.75,"NotAge"
"SLCO1A2","SLCO1A2",3.125,"NotAge"
"GLRB","GLRB",2.625,"NotAge"
"KIAA1549L","KIAA1549L",2.875,"NotAge"
"WASF3","WASF3",1.75,"NotAge"
"ANO3","ANO3",2.5,"NotAge"
"DTNA","DTNA",2.25,"NotAge"
"RAPGEF5","RAPGEF5",3,"NotAge"
"MMD2","MMD2",2.5,"NotAge"
"NOVA1","NOVA1",1.875,"NotAge"
"SYT2","SYT2",2.5,"NotAge"
"GALNT13","GALNT13",2.5,"NotAge"
"SYBU","SYBU",1.25,"NotAge"
"CACNA1B","CACNA1B",2.875,"NotAge"
"FAM13C","FAM13C",1.375,"NotAge"
"TMC2","TMC2",2,"NotAge"
"CNDP1","CNDP1",1.375,"NotAge"
"GPR158","GPR158",3.25,"NotAge"
"MCHR2","MCHR2",2.125,"NotAge"
"ASTN1","ASTN1",3.5,"NotAge"
"GRM1","GRM1",2.375,"NotAge"
"FMN2","FMN2",3.125,"NotAge"
"TIAM1","TIAM1",3.375,"NotAge"
"MEGF11","MEGF11",2.875,"NotAge"
"KCNB1","KCNB1",2.875,"NotAge"
"CHRNB2","CHRNB2",2.875,"NotAge"
"IP6K3","IP6K3",2.625,"NotAge"
"LRRTM1","LRRTM1",3.125,"NotAge"
"SGSM1","SGSM1",2.125,"NotAge"
"CTNND2","CTNND2",2.375,"NotAge"
"OTUD7A","OTUD7A",2.375,"NotAge"
"VSTM2A","VSTM2A",3.375,"NotAge"
"KCND3","KCND3",2.75,"NotAge"
"MIR1288","MIR1288",2.25,"NotAge"
"RN7SKP58","RN7SKP58",2.375,"NotAge"
"SLC20A1P1","SLC20A1P1",2.5,"NotAge"
"CDH23-AS1","CDH23-AS1",3.125,"NotAge"
"CPTP","CPTP",1.625,"NotAge"
"RPS24P8","RPS24P8",1.5,"NotAge"
"TGFA-IT1","TGFA-IT1",0.75,"NotAge"
"USP17L3","USP17L3",1.125,"NotAge"
"NPM1P49","NPM1P49",3.375,"NotAge"
"HSPA12A-AS1","HSPA12A-AS1",1.25,"NotAge"
"NALCN-AS1","NALCN-AS1",2.25,"NotAge"
"SLC26A4-AS1","SLC26A4-AS1",1.5,"NotAge"
"PNMA2","PNMA2",2.25,"NotAge"
"FRRS1L","FRRS1L",3.25,"NotAge"
"CEDORA","CEDORA",2.5,"NotAge"
"MAPT-AS1","MAPT-AS1",2,"NotAge"
"C16orf92","C16orf92",1.5,"NotAge"
"RN7SKP68","RN7SKP68",2.125,"NotAge"
"KIRREL3","KIRREL3",0.75,"NotAge"
"ANKRD30BP2","ANKRD30BP2",1.75,"NotAge"
"IL34","IL34",0.5,"NotAge"
"LNCBRM","LNCBRM",1.5,"NotAge"
"LINC01544","LINC01544",1.125,"NotAge"
"PCDH8","PCDH8",0.5,"NotAge"
"MTCL1","MTCL1",0.5,"NotAge"
"BCAN","BCAN",0.375,"NotAge"
"SMIM32","SMIM32",1.375,"NotAge"
"MTUS1","MTUS1",0.5,"NotAge"
"WNK2","WNK2",0.875,"NotAge"
"SH3GL3","SH3GL3",1.875,"NotAge"
"OMG","OMG",0.875,"NotAge"
"TRHDE-AS1","TRHDE-AS1",1,"NotAge"
"MORF4L1P4","MORF4L1P4",0.875,"NotAge"
"JAKMIP3-AS1","JAKMIP3-AS1",0.625,"NotAge"
"DHX30","DHX30",0,"NotAge"
"RANBP3","RANBP3",1.5,"NotAge"
"CLK3P2","CLK3P2",0.25,"NotAge"
"GFER","GFER",0.125,"NotAge"
"MIR1226","MIR1226",0,"NotAge"
"RABGGTB","RABGGTB",0.125,"NotAge"
"LAMB1","LAMB1",0.5,"NotAge"
"HNF4A","HNF4A",1.5,"NotAge"
"COL4A2","COL4A2",0.5,"NotAge"
"SERPINE2","SERPINE2",0.5,"NotAge"
"ITGA11","ITGA11",0.375,"NotAge"
"LRRC15","LRRC15",1.75,"NotAge"
"DLG1-AS1","DLG1-AS1",0.5,"NotAge"
"FGL1","FGL1",1.375,"NotAge"
"UGT2B10","UGT2B10",1.125,"NotAge"
"FN1","FN1",0.5,"NotAge"
"UGT2A3","UGT2A3",1.125,"NotAge"
"GDF6","GDF6",1.25,"NotAge"
"FGB","FGB",1.375,"NotAge"
"LINC01076","LINC01076",0.375,"NotAge"
"LINC01443","LINC01443",0.375,"NotAge"
"PCAT14","PCAT14",1.125,"NotAge"
"MUC5B","MUC5B",0.75,"NotAge"
"CPN1","CPN1",0.5,"NotAge"
"IGFBP3","IGFBP3",0.625,"Age"
"PPIAP87","PPIAP87",0.875,"NotAge"
"TMEM158","TMEM158",0.375,"NotAge"
"MAGEA10","MAGEA10",0.375,"NotAge"
"LINC03061","LINC03061",0.625,"NotAge"
"NR1H4","NR1H4",0.5,"NotAge"
"ITGA3","ITGA3",0.5,"NotAge"
"FST","FST",0.375,"NotAge"
"TBX3","TBX3",0.375,"NotAge"
"RPL18AP8","RPL18AP8",0.25,"NotAge"
"CYP24A1","CYP24A1",0.375,"NotAge"
"ABCC2","ABCC2",0.375,"NotAge"
"SCNN1B","SCNN1B",0.25,"NotAge"
"ETV4","ETV4",0.5,"NotAge"
"TFPI2","TFPI2",0.25,"NotAge"
"PRAMEF4","PRAMEF4",0.25,"NotAge"
"RN7SL664P","RN7SL664P",0.25,"NotAge"
"RN7SL546P","RN7SL546P",0.375,"NotAge"
"RN7SL69P","RN7SL69P",0.25,"NotAge"
"RN7SL359P","RN7SL359P",0.25,"NotAge"
"RN7SL480P","RN7SL480P",0.125,"NotAge"
"RN7SL126P","RN7SL126P",0.375,"NotAge"
"RN7SL507P","RN7SL507P",0.375,"NotAge"
"RN7SL394P","RN7SL394P",0.25,"NotAge"
"RN7SL38P","RN7SL38P",0.25,"NotAge"
"RN7SL666P","RN7SL666P",0.125,"NotAge"
"RN7SL128P","RN7SL128P",0.125,"NotAge"
"RN7SL183P","RN7SL183P",0.25,"NotAge"
"RN7SL586P","RN7SL586P",0.125,"NotAge"
"RN7SL482P","RN7SL482P",0.25,"NotAge"
"RN7SL714P","RN7SL714P",0.25,"NotAge"
"RN7SL685P","RN7SL685P",0.25,"NotAge"
"RN7SL144P","RN7SL144P",0.25,"NotAge"
"RN7SL8P","RN7SL8P",0.25,"NotAge"
"RN7SL278P","RN7SL278P",0.125,"NotAge"
"RN7SL598P","RN7SL598P",0.25,"NotAge"
"RN7SL679P","RN7SL679P",0.375,"NotAge"
"RN7SL597P","RN7SL597P",0.375,"NotAge"
"RN7SL125P","RN7SL125P",0.25,"NotAge"
"RN7SL122P","RN7SL122P",0.25,"NotAge"
"RN7SL300P","RN7SL300P",0.25,"NotAge"
"RN7SL366P","RN7SL366P",0.25,"NotAge"
"RN7SL828P","RN7SL828P",0.25,"NotAge"
"RN7SL2","RN7SL2",0.25,"NotAge"
"RN7SL769P","RN7SL769P",0.375,"NotAge"
"RN7SL767P","RN7SL767P",0.125,"NotAge"
"RN7SL107P","RN7SL107P",0.25,"NotAge"
"RN7SL147P","RN7SL147P",0.25,"NotAge"
"RN7SL713P","RN7SL713P",0.125,"NotAge"
"RN7SL493P","RN7SL493P",0.125,"NotAge"
"RN7SL7P","RN7SL7P",0.5,"NotAge"
"RN7SL166P","RN7SL166P",0.25,"NotAge"
"RN7SL865P","RN7SL865P",0.125,"NotAge"
"RN7SL521P","RN7SL521P",0.25,"NotAge"
"RN7SL645P","RN7SL645P",0.125,"NotAge"
"RN7SL712P","RN7SL712P",0.125,"NotAge"
"RN7SL563P","RN7SL563P",0.25,"NotAge"
"RN7SL795P","RN7SL795P",0.25,"NotAge"
"RN7SL468P","RN7SL468P",0.125,"NotAge"
"RN7SL342P","RN7SL342P",0.375,"NotAge"
"MIR2115","MIR2115",0.25,"NotAge"
"ITCH-IT1","ITCH-IT1",0.375,"NotAge"
"RNU7-23P","RNU7-23P",0.375,"NotAge"
"PINX1-DT","PINX1-DT",0.25,"NotAge"
"MIR4678","MIR4678",0.375,"NotAge"
"CACNG1","CACNG1",0.25,"NotAge"
"RAB6B","RAB6B",0.125,"NotAge"
"DNAJC6","DNAJC6",0.125,"NotAge"
"CLCN4","CLCN4",0.25,"NotAge"
"RNU7-186P","RNU7-186P",0.375,"NotAge"
"LY6G6E","LY6G6E",0.5,"NotAge"
"ITGB3","ITGB3",0.5,"NotAge"
"TUBB1","TUBB1",0.5,"NotAge"
"PPBP","PPBP",0.5,"NotAge"
"GP9","GP9",0.5,"NotAge"
"SELP","SELP",0.375,"NotAge"
"LINC02694","LINC02694",0.375,"NotAge"
"LY6G6D","LY6G6D",0.5,"NotAge"
"LY6G6F-LY6G6D","LY6G6F-LY6G6D",0.5,"NotAge"
"GP6","GP6",0.375,"NotAge"
"EFCAB13-DT","EFCAB13-DT",0.125,"NotAge"
"PF4V1","PF4V1",0.25,"NotAge"
"LGALSL","LGALSL",0.125,"NotAge"
"ARHGAP6","ARHGAP6",0.125,"NotAge"
"F2RL3","F2RL3",0.125,"NotAge"
"SRSF2","SRSF2",0.375,"NotAge"
"HNRNPC","HNRNPC",1.25,"NotAge"
"SRP72","SRP72",0.5,"NotAge"
"ILF3","ILF3",0.875,"NotAge"
"HNRNPDL","HNRNPDL",0.125,"NotAge"
"PTBP1","PTBP1",1.25,"NotAge"
"RAC1P6","RAC1P6",1,"NotAge"
"DAZAP1","DAZAP1",1.125,"NotAge"
"DDX49","DDX49",0.625,"NotAge"
"DDX54","DDX54",0.75,"NotAge"
"TXNL4A","TXNL4A",0.75,"NotAge"
"DHX37","DHX37",0.875,"NotAge"
"VCP","VCP",0.875,"Age"
"DUS1L","DUS1L",1.25,"NotAge"
"RPL6P2","RPL6P2",0.25,"NotAge"
"GTF2F1","GTF2F1",0.375,"NotAge"
"H2BC14","H2BC14",0.75,"NotAge"
"H4C6","H4C6",0.75,"NotAge"
"RPL7AP31","RPL7AP31",1,"NotAge"
"RPL18","RPL18",1.625,"NotAge"
"RPL31","RPL31",1.375,"NotAge"
"RPL6","RPL6",1.25,"NotAge"
"EIF3L","EIF3L",1.375,"NotAge"
"RPL3","RPL3",1.375,"NotAge"
"RPS16","RPS16",0.875,"NotAge"
"RPL18A","RPL18A",1.375,"NotAge"
"RPL19","RPL19",1.5,"NotAge"
"RPL34","RPL34",1.375,"NotAge"
"SH3D19","SH3D19",1.25,"NotAge"
"RPS13","RPS13",1.375,"NotAge"
"RPS12","RPS12",1.375,"NotAge"
"RPL24","RPL24",1.5,"NotAge"
"EEF1B2","EEF1B2",1.375,"NotAge"
"RPS15","RPS15",1.375,"NotAge"
"RPL22","RPL22",1.375,"NotAge"
"RPL5","RPL5",1.5,"NotAge"
"RPS10","RPS10",1.375,"NotAge"
"RPL23","RPL23",1.5,"NotAge"
"RPL36","RPL36",1.375,"NotAge"
"RPL27","RPL27",1.375,"NotAge"
"RPS15A","RPS15A",1.375,"NotAge"
"RPL35","RPL35",1.375,"NotAge"
"RPS6","RPS6",1.25,"NotAge"
"RPS24","RPS24",1.375,"NotAge"
"RPS2","RPS2",1.375,"NotAge"
"RPS11","RPS11",1.375,"NotAge"
"RPL13A","RPL13A",1.375,"NotAge"
"RPL11","RPL11",1.5,"NotAge"
"RPS8","RPS8",1.375,"NotAge"
"RPS27A","RPS27A",1.25,"NotAge"
"NBEAL1","NBEAL1",1.25,"NotAge"
"RPL32","RPL32",1.5,"NotAge"
"RPS3A","RPS3A",1.25,"NotAge"
"RPL37","RPL37",1.375,"NotAge"
"BTF3","BTF3",1.5,"NotAge"
"RPL10","RPL10",1.375,"NotAge"
"RPL7","RPL7",1.25,"NotAge"
"RPL7A","RPL7A",1.375,"NotAge"
"RPS3","RPS3",1.125,"NotAge"
"FAU","FAU",1.25,"NotAge"
"ATG10","ATG10",1.5,"NotAge"
"RPL30","RPL30",1.25,"NotAge"
"EEF1A1","EEF1A1",1.5,"Age"
"RPL26","RPL26",1.375,"NotAge"
"RPL29","RPL29",1.375,"NotAge"
"RPS14","RPS14",1.375,"NotAge"
"RPL27A","RPL27A",1.375,"NotAge"
"RPL13","RPL13",1.375,"NotAge"
"RPSA","RPSA",1.25,"NotAge"
"RPS9","RPS9",1.25,"NotAge"
"RPS21","RPS21",1,"NotAge"
"RPS7","RPS7",1.375,"NotAge"
"RPL38","RPL38",1.375,"NotAge"
"RPL4","RPL4",1.75,"NotAge"
"RPL15","RPL15",1.5,"NotAge"
"CDY13P","CDY13P",0.875,"NotAge"
"TMEM256P2","TMEM256P2",1.375,"NotAge"
"OAZ1P1","OAZ1P1",1.375,"NotAge"
"PDZPH1P","PDZPH1P",1.375,"NotAge"
"FDX1P2","FDX1P2",1.375,"NotAge"
"IGHD4-23","IGHD4-23",1.375,"NotAge"
"SPATA13-AS1","SPATA13-AS1",1.25,"NotAge"
"THRAP3P1","THRAP3P1",1.125,"NotAge"
"HPN-AS1","HPN-AS1",1.375,"NotAge"
"STEAP2-AS1","STEAP2-AS1",1.25,"NotAge"
"SRP68P2","SRP68P2",1.375,"NotAge"
"KRT8P44","KRT8P44",1.5,"NotAge"
"SRGAP3-AS3","SRGAP3-AS3",1.25,"NotAge"
"RPL3P2","RPL3P2",1.375,"NotAge"
"RPL36AP7","RPL36AP7",1.375,"NotAge"
"HMGN2P21","HMGN2P21",1.375,"NotAge"
"POLR2J2","POLR2J2",1.125,"NotAge"
"TOP3BP1","TOP3BP1",1.375,"NotAge"
"RANP5","RANP5",1.375,"NotAge"
"LINC01736","LINC01736",1.5,"NotAge"
"LINC01515","LINC01515",1.375,"NotAge"
"LINC01740","LINC01740",1.375,"NotAge"
"MTCO3P29","MTCO3P29",1.5,"NotAge"
"UBBP5","UBBP5",1,"NotAge"
"HLA-U","HLA-U",1.375,"NotAge"
"SIM1-AS1","SIM1-AS1",1.125,"NotAge"
"PNKDP1","PNKDP1",1.5,"NotAge"
"COX6CP15","COX6CP15",1.375,"NotAge"
"MTATP6P11","MTATP6P11",1.5,"NotAge"
"LINC01757","LINC01757",1.25,"NotAge"
"RPL41","RPL41",1.25,"NotAge"
"RPL29P4","RPL29P4",1.5,"NotAge"
"RPS23P8","RPS23P8",1.5,"NotAge"
"RPS18","RPS18",1.375,"NotAge"
"EEF1B2P3","EEF1B2P3",1.375,"NotAge"
"RPL3P4","RPL3P4",1.375,"NotAge"
"EEF1A1P6","EEF1A1P6",1.5,"NotAge"
"RPS27P4","RPS27P4",1.375,"NotAge"
"RPS3AP6","RPS3AP6",1.375,"NotAge"
"RPL23AP42","RPL23AP42",1.375,"NotAge"
"RPL39P3","RPL39P3",1.375,"NotAge"
"RPL6P27","RPL6P27",1.5,"NotAge"
"RPL13AP5","RPL13AP5",1.375,"NotAge"
"RPSAP15","RPSAP15",1.25,"NotAge"
"RPL9P7","RPL9P7",1.375,"NotAge"
"RPL21P39","RPL21P39",1,"NotAge"
"RPSAP12","RPSAP12",1.125,"NotAge"
"RPL7AP30","RPL7AP30",1.375,"NotAge"
"RPL7AP6","RPL7AP6",1.375,"NotAge"
"RPL6P10","RPL6P10",1.5,"NotAge"
"RPL21P53","RPL21P53",1.375,"NotAge"
"RPL36AP37","RPL36AP37",1.375,"NotAge"
"RPL17P7","RPL17P7",1.375,"NotAge"
"RPL30-AS1","RPL30-AS1",1.375,"NotAge"
"EEF1G","EEF1G",1.375,"NotAge"
"RPL17","RPL17",1.5,"NotAge"
"RPS10-NUDT3","RPS10-NUDT3",1.375,"NotAge"
"EIF3G","EIF3G",1.375,"NotAge"
"EIF3D","EIF3D",1,"NotAge"
"EEF2","EEF2",1,"Age"
"EIF3F","EIF3F",1.25,"NotAge"
"LINC01494","LINC01494",1.5,"NotAge"
"RPS5","RPS5",0.875,"NotAge"
"RPLP0","RPLP0",1.25,"NotAge"
"FBL","FBL",0.75,"NotAge"
"NOP53","NOP53",0.875,"NotAge"
"UXT","UXT",1.125,"NotAge"
"EIF2D","EIF2D",0.625,"NotAge"
"QARS1","QARS1",0.75,"NotAge"
"TMEM252-DT","TMEM252-DT",0.5,"NotAge"
"HDAC9-AS1","HDAC9-AS1",1.25,"NotAge"
"ISCA1P6","ISCA1P6",1.125,"NotAge"
"RPL7P47","RPL7P47",1.25,"NotAge"
"PHB1P3","PHB1P3",1.5,"NotAge"
"RPLP0P9","RPLP0P9",1,"NotAge"
"RPL4P4","RPL4P4",1.25,"NotAge"
"RPL5P4","RPL5P4",1.375,"NotAge"
"EIF3FP3","EIF3FP3",0.625,"NotAge"
"RPL5P34","RPL5P34",1.375,"NotAge"
"RPL7AP11","RPL7AP11",0.375,"NotAge"
"RPS2P5","RPS2P5",0.75,"NotAge"
"UXT-AS1","UXT-AS1",0.375,"NotAge"
"RPS20","RPS20",1.125,"NotAge"
"MANBA","MANBA",0,"NotAge"
"ADPGK","ADPGK",0.25,"NotAge"
"ZC3H15","ZC3H15",0.75,"NotAge"
"CDV3","CDV3",0.25,"NotAge"
"UBQLN1","UBQLN1",0.25,"NotAge"
"AKIRIN1","AKIRIN1",0.375,"NotAge"
"RBM39","RBM39",0.5,"NotAge"
"CCDC59","CCDC59",0.375,"NotAge"
"BNIP2","BNIP2",0.25,"NotAge"
"SPOPL-DT","SPOPL-DT",0.375,"NotAge"
"GGNBP2","GGNBP2",0.25,"NotAge"
"DDX5","DDX5",0.25,"NotAge"
"SYF2","SYF2",0.25,"NotAge"
"EIF1","EIF1",0.25,"NotAge"
"SAP30BP","SAP30BP",0.25,"NotAge"
"CARM1","CARM1",0.125,"NotAge"
"YIPF2","YIPF2",0.5,"NotAge"
"GYPB","GYPB",0.125,"NotAge"
"GYPA","GYPA",0.125,"NotAge"
"MYO9B","MYO9B",0,"NotAge"
"ARHGEF1","ARHGEF1",0.25,"NotAge"
"USF2","USF2",0.5,"NotAge"
"GIT2","GIT2",0.75,"NotAge"
"MYL12BP2","MYL12BP2",0.25,"NotAge"
"TYK2","TYK2",0.125,"NotAge"
"TRIOBP","TRIOBP",0.125,"NotAge"
"TOMM40","TOMM40",0.125,"NotAge"
"PRPF19","PRPF19",0.75,"NotAge"
"PRMT1","PRMT1",0.375,"NotAge"
"PSMD3","PSMD3",0.625,"NotAge"
"CLPP","CLPP",0.125,"NotAge"
"PPM1G","PPM1G",0.125,"NotAge"
"IL6ST-DT","IL6ST-DT",0.25,"NotAge"
"NUDC","NUDC",0.125,"NotAge"
"SNRPA","SNRPA",0.5,"NotAge"
"KHSRP","KHSRP",0.625,"NotAge"
"EIF3B","EIF3B",0.375,"NotAge"
"TRIM28","TRIM28",0.625,"NotAge"
"PA2G4","PA2G4",0.375,"NotAge"
"SSRP1","SSRP1",0.25,"NotAge"
"LINC01839","LINC01839",0.125,"NotAge"
"BTBD9-AS1","BTBD9-AS1",0.125,"NotAge"
"NUP35P1","NUP35P1",0.125,"NotAge"
"LINC00457","LINC00457",0.125,"NotAge"
"SRM","SRM",0.125,"NotAge"
"NSA2","NSA2",0.25,"NotAge"
"EIF2A","EIF2A",0.375,"NotAge"
"IGBP1","IGBP1",0.375,"NotAge"
"LGALS8-AS1","LGALS8-AS1",0.125,"NotAge"
"NSA2P7","NSA2P7",0.125,"NotAge"
"SPI1","SPI1",0,"NotAge"
"EFHD2","EFHD2",0.25,"NotAge"
"POLR1G","POLR1G",0.125,"NotAge"
"ERCC1","ERCC1",0.125,"Age"
"CLINT1","CLINT1",0,"NotAge"
"RBM22","RBM22",0.125,"NotAge"
"C2orf49","C2orf49",0.125,"NotAge"
"RNF44","RNF44",0,"NotAge"
"CELSR2","CELSR2",0.25,"NotAge"
"SPEF1","SPEF1",0.875,"NotAge"
"ZBTB45P1","ZBTB45P1",1,"NotAge"
"NRF1","NRF1",0.125,"NotAge"
"CTCF","CTCF",0.625,"NotAge"
"NOP14","NOP14",0.25,"NotAge"
"PRPF6","PRPF6",0.5,"NotAge"
"SNRPGP8","SNRPGP8",0.375,"NotAge"
"TRIM60P9Y","TRIM60P9Y",2.625,"NotAge"
"RNF11P2","RNF11P2",1.5,"NotAge"
"URM1","URM1",1.5,"NotAge"
"KARS1","KARS1",0.25,"NotAge"
"SYMPK","SYMPK",1.125,"NotAge"
"LINC01203","LINC01203",0.75,"NotAge"
"AATF","AATF",0.75,"NotAge"
"CS","CS",1.125,"NotAge"
"SEC61A1","SEC61A1",0.75,"NotAge"
"PHF5A","PHF5A",0.625,"NotAge"
"MAZ","MAZ",0.25,"NotAge"
"NCL","NCL",0.375,"NotAge"
"XRCC3","XRCC3",0.5,"NotAge"
"PRKCSH","PRKCSH",0.625,"NotAge"
"EIF5A","EIF5A",0.25,"NotAge"
"SMPD4","SMPD4",0.875,"NotAge"
"JTB","JTB",0.875,"NotAge"
"ATXN2L","ATXN2L",1.5,"NotAge"
"HCFC1","HCFC1",0.625,"NotAge"
"RPL37P24","RPL37P24",0.25,"NotAge"
"MVP-DT","MVP-DT",0.375,"NotAge"
"EIF5AL1","EIF5AL1",0.25,"NotAge"
"CACTIN","CACTIN",0.875,"NotAge"
"CIZ1","CIZ1",1.625,"NotAge"
"SNAPC4","SNAPC4",0.75,"NotAge"
"SHROOM2P1","SHROOM2P1",1.625,"NotAge"
"CSE1L-DT","CSE1L-DT",0.75,"NotAge"
"PARG","PARG",0.625,"NotAge"
"SMARCB1","SMARCB1",0.5,"NotAge"
"SF3A2","SF3A2",0.375,"NotAge"
"TRMT1","TRMT1",0.375,"NotAge"
"MRPL9","MRPL9",0.375,"NotAge"
"IMP4","IMP4",0.25,"NotAge"
"DNPEP","DNPEP",0.25,"NotAge"
"PRPF31-AS1","PRPF31-AS1",0.25,"NotAge"
"PSMA2P3","PSMA2P3",0.625,"NotAge"
"DUS3L","DUS3L",0.375,"NotAge"
"SNRPB","SNRPB",0.25,"NotAge"
"LINC02871","LINC02871",0,"NotAge"
"C4orf50","C4orf50",0.125,"NotAge"
"CREBBP","CREBBP",0.125,"Age"
"PEDS1-UBE2V1","PEDS1-UBE2V1",0.125,"NotAge"
"UBE2V1","UBE2V1",0.125,"NotAge"
"SMARCA4","SMARCA4",0.25,"NotAge"
"KEAP1","KEAP1",0.125,"NotAge"
"TMED1","TMED1",0.125,"NotAge"
"MRPL4","MRPL4",0.125,"NotAge"
"EIF2B1","EIF2B1",0.625,"NotAge"
"MAPKAP1","MAPKAP1",1.5,"NotAge"
"WDR83","WDR83",0.5,"NotAge"
"UBE2V1P5","UBE2V1P5",0.625,"NotAge"
"PYURF","PYURF",0.5,"NotAge"
"URI1","URI1",0.25,"NotAge"
"BLTP2","BLTP2",0.375,"NotAge"
"SLC17A2","SLC17A2",0.125,"NotAge"
"UBE2G2","UBE2G2",0,"NotAge"
"GREB1","GREB1",0.125,"NotAge"
"KDM2B","KDM2B",0,"NotAge"
"ITGB2-AS1","ITGB2-AS1",0,"NotAge"
"AP1G2-AS1","AP1G2-AS1",0.125,"NotAge"
"HDAC10","HDAC10",0.5,"NotAge"
"CARS2","CARS2",0.75,"NotAge"
"RPSAP64","RPSAP64",0.5,"NotAge"
"TAFAZZIN","TAFAZZIN",0.25,"NotAge"
"NADSYN1","NADSYN1",0.125,"NotAge"
"LRCH4","LRCH4",0.125,"NotAge"
"SLX9","SLX9",0,"NotAge"
"TPI1P1","TPI1P1",0.25,"NotAge"
"FAM207BP","FAM207BP",0.125,"NotAge"
"NIN","NIN",0,"NotAge"
"SCYL1","SCYL1",0,"NotAge"
"OTUD5","OTUD5",0.25,"NotAge"
"JMJD7-PLA2G4B","JMJD7-PLA2G4B",0.25,"NotAge"
"PLA2G4B","PLA2G4B",0.25,"NotAge"
"JMJD7","JMJD7",0.25,"NotAge"
"VPS39","VPS39",0.125,"NotAge"
"VPS39-DT","VPS39-DT",0.125,"NotAge"
"TMEM87A","TMEM87A",0.125,"NotAge"
"CSK","CSK",0,"NotAge"
"RNPEPL1","RNPEPL1",0.125,"NotAge"
"COX7A1","COX7A1",0.375,"NotAge"
"UCHL1","UCHL1",0.25,"Age"
"RAB6C","RAB6C",0.875,"NotAge"
"H2AC4","H2AC4",3.125,"NotAge"
"LINC02975","LINC02975",1.75,"NotAge"
"H3C8","H3C8",3.375,"NotAge"
"H2AC12","H2AC12",3.375,"NotAge"
"H4C4","H4C4",2.75,"NotAge"
"H2BC10","H2BC10",3,"NotAge"
"H2AC17","H2AC17",2.75,"NotAge"
"H4C12","H4C12",1.75,"NotAge"
"EEF1A1P36","EEF1A1P36",2.25,"NotAge"
"RNA5SP115","RNA5SP115",3.875,"NotAge"
"PMS2P7","PMS2P7",0,"NotAge"
"NOL7","NOL7",0.25,"NotAge"
"RPL36AP45","RPL36AP45",0,"NotAge"
"RPL36AP21","RPL36AP21",0.125,"NotAge"
"SPATA31D1","SPATA31D1",0.125,"NotAge"
"LINC02092","LINC02092",0,"NotAge"
"C1orf122","C1orf122",0.25,"NotAge"
"RN7SL836P","RN7SL836P",0,"NotAge"
"RN7SL143P","RN7SL143P",0.125,"NotAge"
"RN7SL326P","RN7SL326P",0.125,"NotAge"
"RN7SL43P","RN7SL43P",0.125,"NotAge"
"RN7SL149P","RN7SL149P",0.25,"NotAge"
"RN7SL635P","RN7SL635P",0.125,"NotAge"
"RN7SL643P","RN7SL643P",0.125,"NotAge"
"RN7SL346P","RN7SL346P",0.125,"NotAge"
"RN7SL564P","RN7SL564P",0.125,"NotAge"
"RN7SL160P","RN7SL160P",0.125,"NotAge"
"MAN2C1","MAN2C1",0,"NotAge"
"FMC1-LUC7L2","FMC1-LUC7L2",0.25,"NotAge"
"LUC7L2","LUC7L2",0.125,"NotAge"
"TSC2","TSC2",0.125,"NotAge"
"INO80B-WBP1","INO80B-WBP1",0.875,"NotAge"
"SMARCC2","SMARCC2",0.25,"NotAge"
"MIR663AHG","MIR663AHG",0.5,"NotAge"
"PNKP","PNKP",2,"NotAge"
"CTBP1","CTBP1",1,"NotAge"
"CTBP1-AS","CTBP1-AS",0.625,"NotAge"
"WIZ","WIZ",0.5,"NotAge"
"CENPT","CENPT",0.5,"NotAge"
"ATG4B","ATG4B",0.25,"NotAge"
"PPP6R2","PPP6R2",0.75,"NotAge"
"PTOV1","PTOV1",0.25,"NotAge"
"ANKRD52","ANKRD52",0.375,"NotAge"
"RHOT2","RHOT2",1.75,"NotAge"
"PTOV1-AS2","PTOV1-AS2",0.625,"NotAge"
"PTPN23","PTPN23",0.625,"NotAge"
"RPL21P20","RPL21P20",0.5,"NotAge"
"RPL23AP43","RPL23AP43",0.875,"NotAge"
"IL18BP","IL18BP",0.5,"NotAge"
"TRIM41","TRIM41",0.75,"NotAge"
"ABCB9","ABCB9",0.75,"NotAge"
"ZC3H7B","ZC3H7B",0.25,"NotAge"
"PTPRA","PTPRA",0.25,"NotAge"
"ZMIZ2","ZMIZ2",0.25,"NotAge"
"BTBD2","BTBD2",0.25,"NotAge"
"LRSAM1","LRSAM1",0.25,"NotAge"
"SGSM3","SGSM3",0.25,"NotAge"
"PRR12","PRR12",0.25,"NotAge"
"GIT1","GIT1",0.125,"NotAge"
"DNASE1","DNASE1",0,"NotAge"
"RCOR1","RCOR1",0.25,"NotAge"
"SEC14L5","SEC14L5",0,"NotAge"
"TSPAN9","TSPAN9",0.125,"NotAge"
"SOX7","SOX7",0,"NotAge"
"MIR6722","MIR6722",0.125,"NotAge"
"SLC6A3","SLC6A3",0.125,"NotAge"
"EDC4","EDC4",1,"NotAge"
"CHMP1A","CHMP1A",0.5,"NotAge"
"ZC3H18","ZC3H18",1.25,"NotAge"
"SAFB","SAFB",0.875,"NotAge"
"E4F1","E4F1",1.375,"NotAge"
"POLG","POLG",0.75,"Age"
"SUPT6H","SUPT6H",0.375,"NotAge"
"KMT2B","KMT2B",0.75,"NotAge"
"UBAP2L","UBAP2L",0.5,"NotAge"
"SRCAP","SRCAP",0.75,"NotAge"
"TCF25","TCF25",0.5,"NotAge"
"UBE2Z","UBE2Z",0.5,"NotAge"
"PHF8","PHF8",0.375,"NotAge"
"RPL31P19","RPL31P19",0.625,"NotAge"
"PMFBP1","PMFBP1",0.125,"NotAge"
"ANKRD11","ANKRD11",0.375,"NotAge"
"RPL18AP2","RPL18AP2",0.25,"NotAge"
"MTND1P23","MTND1P23",0.375,"NotAge"
"POM121C","POM121C",0.375,"NotAge"
"AKT2","AKT2",0.5,"NotAge"
"ZFPL1","ZFPL1",0.25,"NotAge"
"IGHD6-25","IGHD6-25",0.25,"NotAge"
"PPP1R8","PPP1R8",0.625,"NotAge"
"KANSL3","KANSL3",0.375,"NotAge"
"PRPF8","PRPF8",0.25,"NotAge"
"CSNK1G2","CSNK1G2",0.5,"NotAge"
"GIGYF1","GIGYF1",0.25,"NotAge"
"RPL26P36","RPL26P36",0.25,"NotAge"
"ZNF276","ZNF276",0.125,"NotAge"
"CCAR2","CCAR2",0.25,"NotAge"
"LEMD2","LEMD2",0.125,"NotAge"
"NUP214","NUP214",0.125,"NotAge"
"EFTUD2","EFTUD2",0,"NotAge"
"PSME3","PSME3",0.375,"NotAge"
"DPP3","DPP3",0.375,"NotAge"
"EIF4G1","EIF4G1",0.375,"NotAge"
"SLIRPP1","SLIRPP1",0.5,"NotAge"
"FAT2","FAT2",2.25,"NotAge"
"PEX5L","PEX5L",2.125,"NotAge"
"DGCR5","DGCR5",0.625,"NotAge"
"XKR7","XKR7",1.375,"NotAge"
"TNR","TNR",2.25,"NotAge"
"GABRB2","GABRB2",2.25,"NotAge"
"SORCS3","SORCS3",1.5,"NotAge"
"C10orf55","C10orf55",1.625,"NotAge"
"PRUNE2","PRUNE2",1.75,"NotAge"
"SLC7A14","SLC7A14",1.25,"NotAge"
"KCNH1","KCNH1",1.375,"NotAge"
"SLC4A10","SLC4A10",1.75,"NotAge"
"UNC80","UNC80",1.625,"NotAge"
"CLVS2","CLVS2",1.125,"NotAge"
"NTRK2","NTRK2",1.25,"NotAge"
"SHC3","SHC3",0.875,"NotAge"
"KCNJ16","KCNJ16",0.75,"NotAge"
"LONRF2","LONRF2",1.25,"NotAge"
"CADM2","CADM2",1.75,"NotAge"
"RPS28P7","RPS28P7",1.625,"NotAge"
"CTNNA2","CTNNA2",1.5,"NotAge"
"FHL5","FHL5",1.125,"NotAge"
"AMPH","AMPH",0.625,"NotAge"
"BRINP1","BRINP1",1,"NotAge"
"GPM6A","GPM6A",1.125,"NotAge"
"SYT4","SYT4",1.125,"NotAge"
"CADPS","CADPS",0.875,"NotAge"
"KSR2","KSR2",0.75,"NotAge"
"ATCAY","ATCAY",0.625,"NotAge"
"HTR1E","HTR1E",0.375,"NotAge"
"MYRIP","MYRIP",0.75,"NotAge"
"LINC02068","LINC02068",0.625,"NotAge"
"RPL12P14","RPL12P14",0.875,"NotAge"
"FNDC5","FNDC5",0.625,"NotAge"
"LRFN2","LRFN2",0.375,"NotAge"
"C1QL1","C1QL1",0.125,"NotAge"
"SEMA3B","SEMA3B",0.375,"NotAge"
"MLXIPL","MLXIPL",0.375,"NotAge"
"BCAR1","BCAR1",0.25,"NotAge"
"SOX10","SOX10",0.375,"NotAge"
"EFCAB15P","EFCAB15P",0,"NotAge"
"CORO7","CORO7",0.125,"NotAge"
"FMNL1-AS1","FMNL1-AS1",0.125,"NotAge"
"CDC27","CDC27",0,"NotAge"
"CDC27P1","CDC27P1",0.125,"NotAge"
"ERCC2","ERCC2",0,"Age"
"CABP5","CABP5",0.25,"NotAge"
"CD226","CD226",0.25,"NotAge"
"TREML1","TREML1",0.25,"NotAge"
"HPSE","HPSE",0.25,"NotAge"
"OR4E2","OR4E2",0.25,"NotAge"
"LINC02284","LINC02284",0.25,"NotAge"
"MYLK-AS2","MYLK-AS2",0.125,"NotAge"
"LRRC32","LRRC32",0.25,"NotAge"
"PDE5A","PDE5A",0.25,"NotAge"
"NPEPPS","NPEPPS",0,"NotAge"
"KPNB1-DT","KPNB1-DT",0.125,"NotAge"
"H2AC16","H2AC16",0.625,"NotAge"
"ARFGEF2","ARFGEF2",0,"NotAge"
"HECTD1","HECTD1",0.375,"NotAge"
"ITCH","ITCH",0.125,"NotAge"
"IKZF5","IKZF5",0,"NotAge"
"YTHDC1","YTHDC1",0.25,"NotAge"
"FBXL3","FBXL3",0.125,"NotAge"
"MED24","MED24",0.125,"NotAge"
"RPL35AP2","RPL35AP2",0.375,"NotAge"
"ELAVL1","ELAVL1",0.5,"NotAge"
"HDGFL2","HDGFL2",0.25,"NotAge"
"CNOT3","CNOT3",1.75,"NotAge"
"NUP188","NUP188",0.125,"NotAge"
"GCN1","GCN1",0.125,"NotAge"
"SCAP","SCAP",0.125,"NotAge"
"MEN1","MEN1",0.125,"NotAge"
"TRAF2","TRAF2",0.125,"NotAge"
"OPA3","OPA3",0,"NotAge"
"OR9Q2","OR9Q2",0,"NotAge"
"MIR1245B","MIR1245B",0.125,"NotAge"
"DGKZ","DGKZ",0,"NotAge"
"TTC39DP","TTC39DP",0.125,"NotAge"
"MIR3160-1","MIR3160-1",0.125,"NotAge"
"MIR3160-2","MIR3160-2",0.125,"NotAge"
"MARK2","MARK2",0.125,"NotAge"
"RNF31","RNF31",1.625,"NotAge"
"IKBKG","IKBKG",0.125,"NotAge"
"TBC1D10B","TBC1D10B",0.25,"NotAge"
"OTUB1","OTUB1",0.25,"NotAge"
"ACTR1A","ACTR1A",0.125,"NotAge"
"BRAT1","BRAT1",0,"NotAge"
"RPS19","RPS19",0.875,"NotAge"
"ATP5MC2","ATP5MC2",0.625,"NotAge"
"EIF3H","EIF3H",0.25,"NotAge"
"FAM245A","FAM245A",1.25,"NotAge"
"RPS27P8","RPS27P8",1.25,"NotAge"
"RPL21P97","RPL21P97",1.125,"NotAge"
"LINC02067","LINC02067",1.25,"NotAge"
"RPS18P5","RPS18P5",1.25,"NotAge"
"RTRAF","RTRAF",0.25,"NotAge"
"LINC01655","LINC01655",0.75,"NotAge"
"CFL1P3","CFL1P3",0.625,"NotAge"
"TNS2-AS1","TNS2-AS1",0.25,"NotAge"
"RPL28","RPL28",0.625,"NotAge"
"TPT1","TPT1",0.75,"NotAge"
"HNRNPA1","HNRNPA1",0.625,"NotAge"
"RPLP1","RPLP1",0.625,"NotAge"
"HNRNPA1L2","HNRNPA1L2",0.625,"NotAge"
"UFC1","UFC1",0.375,"NotAge"
"EIF2S2P5","EIF2S2P5",1.125,"NotAge"
"LINC01716","LINC01716",0.375,"NotAge"
"SLC6A17-AS1","SLC6A17-AS1",1.125,"NotAge"
"SOCS5P4","SOCS5P4",0.375,"NotAge"
"RPL21P93","RPL21P93",1.125,"NotAge"
"RPL4P5","RPL4P5",0.625,"NotAge"
"RPS15P4","RPS15P4",0.875,"NotAge"
"NOA1","NOA1",0.25,"NotAge"
"RPL36A-HNRNPH2","RPL36A-HNRNPH2",0.25,"NotAge"
"EIF3M","EIF3M",0.25,"NotAge"
"RPL18AP17","RPL18AP17",0.25,"NotAge"
"RPL6P19","RPL6P19",0.25,"NotAge"
"CKS1BP2","CKS1BP2",0.25,"NotAge"
"EIF4B","EIF4B",0.25,"NotAge"
"SCG3","SCG3",1,"NotAge"
"ATP1B2","ATP1B2",0.875,"NotAge"
"FAM107A","FAM107A",0.75,"NotAge"
"ACAD10","ACAD10",0,"NotAge"
"KANSL2","KANSL2",0,"NotAge"
"SFPQ","SFPQ",0.25,"NotAge"
"CLDN3","CLDN3",0.5,"NotAge"
"NDUFV1","NDUFV1",0.25,"NotAge"
"GNPTG","GNPTG",0.375,"NotAge"
"CAPN10","CAPN10",0.625,"NotAge"
"DRG2","DRG2",0.5,"NotAge"
"USP19","USP19",1,"NotAge"
"KXD1","KXD1",1.75,"NotAge"
"IDH3G","IDH3G",0.5,"NotAge"
"IDH3B","IDH3B",0.25,"NotAge"
"GORASP1","GORASP1",0.5,"NotAge"
"CTDNEP1","CTDNEP1",1.125,"NotAge"
"WBP1","WBP1",0.375,"NotAge"
"TMEM219","TMEM219",0.5,"NotAge"
"UQCRC2","UQCRC2",0.25,"NotAge"
"ATXN7L3","ATXN7L3",0.25,"NotAge"
"B3GAT3","B3GAT3",0.375,"NotAge"
"DPH1","DPH1",0.25,"NotAge"
"MAP2K5","MAP2K5",0.375,"NotAge"
"OVCA2","OVCA2",0.375,"NotAge"
"UBE2D2","UBE2D2",0.25,"NotAge"
"TUBGCP2","TUBGCP2",0.625,"NotAge"
"SLCO4A1","SLCO4A1",0,"NotAge"
"SLCO4A1-AS1","SLCO4A1-AS1",0.125,"NotAge"
"RFPL1","RFPL1",0,"NotAge"
"ITGA5","ITGA5",0,"NotAge"
"GPR84-AS1","GPR84-AS1",0.125,"NotAge"
"WAC","WAC",1.125,"NotAge"
"CDK12","CDK12",0.5,"NotAge"
"HNRNPA3P1","HNRNPA3P1",0.125,"NotAge"
"SMNDC1","SMNDC1",0.125,"NotAge"
"WBP11","WBP11",0.25,"NotAge"
"HNRNPH3","HNRNPH3",0.375,"NotAge"
"DHX9","DHX9",0.75,"NotAge"
"SCAF4","SCAF4",0.125,"NotAge"
"SON","SON",0.25,"NotAge"
"DNAJC21","DNAJC21",0.125,"NotAge"
"NUS1P1","NUS1P1",0.125,"NotAge"
"YBX1","YBX1",0.25,"NotAge"
"SRRT","SRRT",0.25,"NotAge"
"SYNCRIP","SYNCRIP",0.125,"NotAge"
"RPS15AP30","RPS15AP30",0.25,"NotAge"
"WASH8P","WASH8P",0.375,"NotAge"
"STAU2P1","STAU2P1",0.125,"NotAge"
"HNRNPA3P5","HNRNPA3P5",0.125,"NotAge"
"TAF5L","TAF5L",0.25,"NotAge"
"NCBP2AS2","NCBP2AS2",0.125,"NotAge"
"PABPC4","PABPC4",0.125,"NotAge"
"AKAP8","AKAP8",0.125,"NotAge"
"YTHDF1","YTHDF1",0.25,"NotAge"
"ATRNL1","ATRNL1",0,"NotAge"
"RIMS1","RIMS1",0.125,"NotAge"
"PROC","PROC",0.25,"NotAge"
"SSXP9","SSXP9",0.625,"NotAge"
"USP34","USP34",0.375,"NotAge"
"ARGLU1","ARGLU1",0.5,"NotAge"
"YEATS2","YEATS2",0.375,"NotAge"
"ANGEL2","ANGEL2",0.375,"NotAge"
"MBTD1","MBTD1",0.5,"NotAge"
"GRM5","GRM5",0.875,"NotAge"
"DLG2","DLG2",0.25,"NotAge"
"BRAP","BRAP",0,"NotAge"
"RAB14","RAB14",0.25,"NotAge"
"CIR1","CIR1",0.25,"NotAge"
"PSG8-AS1","PSG8-AS1",0.25,"NotAge"
"PSPC1P1","PSPC1P1",0.25,"NotAge"
"NMS","NMS",0,"NotAge"
"UBA52P7","UBA52P7",0.125,"NotAge"
"RBM42","RBM42",0.375,"NotAge"
"JMJD8","JMJD8",0.125,"NotAge"
"EDF1","EDF1",0.25,"NotAge"
"HAUS4P1","HAUS4P1",0.125,"NotAge"
"RNF40","RNF40",0.375,"NotAge"
"SIRT6","SIRT6",0.5,"Age"
"KXD1-AS1","KXD1-AS1",0.5,"NotAge"
"COPE","COPE",0.625,"NotAge"
"CHCHD2","CHCHD2",0.125,"NotAge"
"PSMA7","PSMA7",0.125,"NotAge"
"SNX3","SNX3",0.25,"NotAge"
"TMEM59","TMEM59",0.25,"NotAge"
"DNAJC8","DNAJC8",0.125,"NotAge"
"ENSA","ENSA",1,"NotAge"
"PSMC1P1","PSMC1P1",0.125,"NotAge"
"RER1","RER1",0.625,"NotAge"
"WDR83OS","WDR83OS",0.5,"NotAge"
"GPS2","GPS2",0.5,"NotAge"
"C19orf47","C19orf47",0.125,"NotAge"
"TMEM230","TMEM230",0.125,"NotAge"
"COPZ1","COPZ1",0.125,"NotAge"
"CCDC142","CCDC142",0.25,"NotAge"
"LINC02803","LINC02803",0.125,"NotAge"
"SDF4","SDF4",0.375,"NotAge"
"CNOT11","CNOT11",0.125,"NotAge"
"SSR2","SSR2",0.5,"NotAge"
"SNF8","SNF8",0.25,"NotAge"
"TRIR","TRIR",0.375,"NotAge"
"RFXANK","RFXANK",0.25,"NotAge"
"POLDIP3","POLDIP3",0.375,"NotAge"
"PDAP1","PDAP1",0.25,"NotAge"
"TEX261","TEX261",0.125,"NotAge"
"HADHA","HADHA",0.125,"NotAge"
"DAP3","DAP3",0.125,"NotAge"
"PPIH","PPIH",0.125,"NotAge"
"PLCL2-AS1","PLCL2-AS1",0.125,"NotAge"
"EMC7","EMC7",0.25,"NotAge"
"ERH","ERH",0.25,"NotAge"
"RPS6KB2","RPS6KB2",0.125,"NotAge"
"SERF2","SERF2",0.125,"NotAge"
"LAMA4-AS1","LAMA4-AS1",0.125,"NotAge"
"TRAPPC3","TRAPPC3",0.5,"NotAge"
"RTF2","RTF2",0.375,"NotAge"
"PIGY","PIGY",0.25,"NotAge"
"TMEM183AP2","TMEM183AP2",0.125,"NotAge"
"LRPPRC","LRPPRC",0,"NotAge"
"SERBP1","SERBP1",0.25,"NotAge"
"CCT4","CCT4",0.125,"NotAge"
"HTD2","HTD2",0.125,"NotAge"
"RPP14","RPP14",0.125,"NotAge"
"PILRB","PILRB",0.375,"NotAge"
"PVRIG2P","PVRIG2P",0.375,"NotAge"
"STAG3L5P","STAG3L5P",0.375,"NotAge"
"STAG3L5P-PVRIG2P-PILRB","STAG3L5P-PVRIG2P-PILRB",0.375,"NotAge"
"EIF4A1P7","EIF4A1P7",0,"NotAge"
"SENP3-EIF4A1","SENP3-EIF4A1",0.25,"NotAge"
"EIF4A1","EIF4A1",0.125,"NotAge"
"EIF4A1P10","EIF4A1P10",0.125,"NotAge"
"EIF4A1P2","EIF4A1P2",0.125,"NotAge"
"TRIM9","TRIM9",0.25,"NotAge"
"UGT8","UGT8",0.75,"NotAge"
"ETV1","ETV1",0.625,"NotAge"
"SGIP1","SGIP1",0.75,"NotAge"
"PART1","PART1",0.625,"NotAge"
"YBX1P1","YBX1P1",0.75,"NotAge"
"ENPP6","ENPP6",0.375,"NotAge"
"TMEM229A","TMEM229A",0.25,"NotAge"
"WIPF2","WIPF2",0,"NotAge"
"FAM168B","FAM168B",0.125,"NotAge"
"KCNIP3","KCNIP3",0.125,"NotAge"
"ANGPTL2","ANGPTL2",0.125,"NotAge"
"COL26A1","COL26A1",0.125,"NotAge"
"ENTPD3-AS1","ENTPD3-AS1",0.125,"NotAge"
"E2F6P3","E2F6P3",0.25,"NotAge"
"KCNK15","KCNK15",0.25,"NotAge"
"SHROOM1","SHROOM1",0.125,"NotAge"
"CAVIN2-AS1","CAVIN2-AS1",0.125,"NotAge"
"CAVIN2","CAVIN2",0.125,"NotAge"
"CDC37","CDC37",0.25,"NotAge"
"STARD3","STARD3",0.25,"NotAge"
"DNM2","DNM2",0.125,"NotAge"
"RPL21P37","RPL21P37",0,"NotAge"
"KRTAP3-4P","KRTAP3-4P",0.125,"NotAge"
"RPS27AP5","RPS27AP5",0.25,"NotAge"
"OSER1-DT","OSER1-DT",0.125,"NotAge"
"ACADVL","ACADVL",0.125,"NotAge"
"ACTG1P19","ACTG1P19",0,"NotAge"
"GAPDHP64","GAPDHP64",0.25,"NotAge"
"LINC00269","LINC00269",0.125,"NotAge"
"LINC01020","LINC01020",0.125,"NotAge"
"MIR1251","MIR1251",0.125,"NotAge"
"MAGEA3","MAGEA3",0.125,"NotAge"
"RNA5SP113","RNA5SP113",0.125,"NotAge"
"OSTM1-AS1","OSTM1-AS1",0.25,"NotAge"
"ACTBP1","ACTBP1",0.125,"NotAge"
"ACTG1P23","ACTG1P23",0.125,"NotAge"
"ACTG1P14","ACTG1P14",0.125,"NotAge"
"ACTG1P21","ACTG1P21",0.125,"NotAge"
"ACTBP14","ACTBP14",0.125,"NotAge"
"ZNG1F","ZNG1F",0.125,"NotAge"
"AP4B1-AS1","AP4B1-AS1",0,"NotAge"
"ZSCAN18","ZSCAN18",0.125,"NotAge"
"MIR6760","MIR6760",0,"NotAge"
"RNU7-195P","RNU7-195P",0.125,"NotAge"
"RNU6-946P","RNU6-946P",0.125,"NotAge"
"MIR603","MIR603",0.125,"NotAge"
"MIR3155B","MIR3155B",0.125,"NotAge"
"MIR3155A","MIR3155A",0.125,"NotAge"
"LINC02612","LINC02612",0.5,"NotAge"
"SH3BP1","SH3BP1",0.125,"NotAge"
"PDXP-DT","PDXP-DT",0.125,"NotAge"
"H2BC17","H2BC17",1.125,"NotAge"
"SSR1","SSR1",0,"NotAge"
"TMED2","TMED2",0.125,"NotAge"
"TM9SF3","TM9SF3",0.125,"NotAge"
"SNW1","SNW1",0.125,"NotAge"
"PSMC1","PSMC1",0.125,"NotAge"
"VAMP7","VAMP7",0.25,"NotAge"
"YME1L1","YME1L1",0.125,"NotAge"
"WDR82","WDR82",0.25,"NotAge"
"WAPL","WAPL",0.25,"NotAge"
"PPP6C","PPP6C",0.125,"NotAge"
"TNKS2","TNKS2",0.125,"NotAge"
"XPO4","XPO4",0.125,"NotAge"
"GABPA","GABPA",0.125,"NotAge"
"U2SURP","U2SURP",0.125,"NotAge"
"THAP12","THAP12",0.125,"NotAge"
"MTND6P5","MTND6P5",0.125,"NotAge"
"MED4","MED4",0.125,"NotAge"
"RPL23AP30","RPL23AP30",0.125,"NotAge"
"PPP4R1","PPP4R1",0.125,"NotAge"
"EIF3JP1","EIF3JP1",0.25,"NotAge"
"POLR2B","POLR2B",0.125,"NotAge"
"VHL","VHL",0.125,"NotAge"
"BTN3A1","BTN3A1",0.5,"NotAge"
"BTN3A3","BTN3A3",0.625,"NotAge"
"GAL3ST1","GAL3ST1",0.5,"NotAge"
"ISLR2","ISLR2",0.375,"NotAge"
"RPS3AP38","RPS3AP38",0.25,"NotAge"
"MSANTD3-TMEFF1","MSANTD3-TMEFF1",0.125,"NotAge"
"TMEFF1","TMEFF1",0.125,"NotAge"
"H4C11","H4C11",0,"NotAge"
"TEX43","TEX43",0.5,"NotAge"
"LINC02308","LINC02308",0,"NotAge"
"IFITM5","IFITM5",0.125,"NotAge"
"SERPINB4","SERPINB4",0.25,"NotAge"
"KRTAP20-3","KRTAP20-3",0.25,"NotAge"
"KRTAP20-4","KRTAP20-4",0.25,"NotAge"
"FAM230H","FAM230H",0.25,"NotAge"
"HCP5","HCP5",0.25,"NotAge"
"COL6A6","COL6A6",0.25,"NotAge"
"HACD2","HACD2",0.25,"NotAge"
"VGLL3","VGLL3",0.25,"NotAge"
"XKR4","XKR4",0.125,"NotAge"
"RNU1-27P","RNU1-27P",0.25,"NotAge"
"SENP3","SENP3",0.25,"NotAge"
"TKFC","TKFC",0.25,"NotAge"
"NCSTN","NCSTN",0.625,"NotAge"
"ARPC4-TTLL3","ARPC4-TTLL3",0.5,"NotAge"
"OS9","OS9",0.375,"NotAge"
"TBC1D22A","TBC1D22A",0.625,"NotAge"
"CTDSP1","CTDSP1",0.375,"NotAge"
"PPP1CA","PPP1CA",0.375,"Age"
"RNF167","RNF167",0.125,"NotAge"
"PKN1","PKN1",0.25,"NotAge"
"TMUB2","TMUB2",0.75,"NotAge"
"CFL1","CFL1",0.375,"NotAge"
"NUDT22","NUDT22",0.375,"NotAge"
"PFN1","PFN1",0.125,"NotAge"
"TRAPPC1","TRAPPC1",0.25,"NotAge"
"RNASEK-C17orf49","RNASEK-C17orf49",0.125,"NotAge"
"SURF1","SURF1",0.25,"NotAge"
"DNAJC4","DNAJC4",0.125,"NotAge"
"ENO3","ENO3",0.125,"NotAge"
"MPDU1","MPDU1",0.125,"NotAge"
"RNU6-938P","RNU6-938P",0.75,"NotAge"
"FHIP2A","FHIP2A",0,"NotAge"
"ZNF326","ZNF326",0.25,"NotAge"
"HSP90B1","HSP90B1",0,"NotAge"
"PDIA6","PDIA6",0.125,"NotAge"
"ATP6V1C2","ATP6V1C2",0.125,"NotAge"
"PDIA3","PDIA3",0.125,"NotAge"
"KLLN","KLLN",0.125,"NotAge"
"DVL2","DVL2",0,"NotAge"
"DPH7","DPH7",0.375,"NotAge"
"COQ4","COQ4",0.125,"NotAge"
"DPYSL4","DPYSL4",0.25,"NotAge"
"AP4B1","AP4B1",0,"NotAge"
"SRP14P1","SRP14P1",0.125,"NotAge"
"SYNGAP1-AS1","SYNGAP1-AS1",0,"NotAge"
"ARHGEF7-AS1","ARHGEF7-AS1",0.375,"NotAge"
"EEF1A1P19","EEF1A1P19",0.25,"NotAge"
"BICD1P1","BICD1P1",0.125,"NotAge"
"RPSAP14","RPSAP14",0.125,"NotAge"
"GABARAP","GABARAP",0,"NotAge"
"USP9YP14","USP9YP14",0.125,"NotAge"
"TCP10L3","TCP10L3",0,"NotAge"
"FOXO6","FOXO6",0.125,"NotAge"
"IGBP1-AS1","IGBP1-AS1",0.125,"NotAge"
"DGKB","DGKB",0.125,"NotAge"
"CADPS2","CADPS2",0.875,"NotAge"
"NALCN","NALCN",0.5,"NotAge"
"SLC1A2","SLC1A2",0.375,"NotAge"
"SCN1A","SCN1A",0.5,"NotAge"
"STXBP5L","STXBP5L",0.5,"NotAge"
"KCNS2","KCNS2",0.25,"NotAge"
"UNC13C","UNC13C",0.25,"NotAge"
"CDH18","CDH18",0.25,"NotAge"
"DLG4","DLG4",0,"NotAge"
"RBPJP6","RBPJP6",0.125,"NotAge"
"TOM1L2","TOM1L2",0.25,"NotAge"
"CD44","CD44",0,"NotAge"
"CD44-AS1","CD44-AS1",0.125,"NotAge"
"RASGRF2","RASGRF2",0.25,"NotAge"
"SLC4A4","SLC4A4",0.625,"NotAge"
"ATP8A2","ATP8A2",0.625,"NotAge"
"ANK3","ANK3",0.75,"NotAge"
"PSD3","PSD3",0.5,"NotAge"
"FRMPD4","FRMPD4",0.625,"NotAge"
"USP9YP28","USP9YP28",0.5,"NotAge"
"CNTN1","CNTN1",0.625,"NotAge"
"TRHDE","TRHDE",0.5,"NotAge"
"CHL1","CHL1",0.5,"NotAge"
"SCN2A","SCN2A",0.25,"NotAge"
"ANK2","ANK2",0.375,"NotAge"
"GRID2","GRID2",0.125,"NotAge"
"FAM135B","FAM135B",0.25,"NotAge"
"SLC24A2","SLC24A2",0.5,"NotAge"
"ADAM22","ADAM22",0.875,"NotAge"
"RNU6-705P","RNU6-705P",0.125,"NotAge"
"AKAP6","AKAP6",0.375,"NotAge"
"GUCY1A2","GUCY1A2",0.125,"NotAge"
"TLL1","TLL1",0.125,"NotAge"
"FGF14","FGF14",0.125,"NotAge"
"RNU6-121P","RNU6-121P",0,"NotAge"
"IGHJ5","IGHJ5",0.125,"NotAge"
"WARS2P1","WARS2P1",0,"NotAge"
"INE1","INE1",0.125,"NotAge"
"MIR548K","MIR548K",0.25,"NotAge"
"DCT","DCT",0.25,"NotAge"
"G6PC1","G6PC1",0.375,"NotAge"
"SLC35C2P1","SLC35C2P1",0.375,"NotAge"
"CPB2","CPB2",0.125,"NotAge"
"MYOM3","MYOM3",0.25,"NotAge"
"FGF4","FGF4",0.25,"NotAge"
"GPNMB","GPNMB",0.125,"NotAge"
"MOGAT2","MOGAT2",0.125,"NotAge"
"TMPRSS3","TMPRSS3",0.125,"NotAge"
"SLC12A3","SLC12A3",0.125,"NotAge"
"MARS1","MARS1",0,"NotAge"
"ITIH4-AS1","ITIH4-AS1",0.125,"NotAge"
"ITIH4","ITIH4",0.125,"NotAge"
"PBRM1","PBRM1",0,"NotAge"
"PTPRR","PTPRR",0.5,"NotAge"
"GRIA4","GRIA4",0.5,"NotAge"
"SLITRK3","SLITRK3",0.125,"NotAge"
"GABRA2","GABRA2",0.25,"NotAge"
"TMEM144","TMEM144",0.375,"NotAge"
"CDKN2A-DT","CDKN2A-DT",0,"NotAge"
"ZNF709","ZNF709",0.25,"NotAge"
"DGCR8","DGCR8",0.5,"NotAge"
"ATP13A1","ATP13A1",0.375,"NotAge"
"SIRPAP1","SIRPAP1",0.5,"NotAge"
"INTS1","INTS1",0.125,"NotAge"
"RBM14","RBM14",0.125,"NotAge"
"INPP5E","INPP5E",0.125,"NotAge"
"GAPDHP73","GAPDHP73",0.125,"NotAge"
"TMEM250","TMEM250",0,"NotAge"
"TDRD7","TDRD7",0.125,"NotAge"
"PFN3","PFN3",0.25,"NotAge"
"ITGBL1","ITGBL1",0.25,"NotAge"
"LINC00160","LINC00160",0.25,"NotAge"
"GORAB-AS1","GORAB-AS1",0.125,"NotAge"
"RN7SL636P","RN7SL636P",0.25,"NotAge"
"LINC01596","LINC01596",0.25,"NotAge"
"RNU4ATAC15P","RNU4ATAC15P",0.25,"NotAge"
"LINC01912","LINC01912",0.25,"NotAge"
"TSR3","TSR3",0.125,"NotAge"
"UBE2M","UBE2M",0.25,"NotAge"
"BABAM1","BABAM1",0.125,"NotAge"
"NCBP1","NCBP1",0,"NotAge"
"HEATR1","HEATR1",0.125,"NotAge"
"TREH","TREH",0.125,"NotAge"
"PYGO2","PYGO2",0,"NotAge"
"GTF3C1","GTF3C1",0.125,"NotAge"
"ILKAP","ILKAP",0.125,"NotAge"
"FSD1","FSD1",0.125,"NotAge"
"CHMP4B","CHMP4B",0,"NotAge"
"TMEM127","TMEM127",0.125,"NotAge"
"UPF1","UPF1",0,"NotAge"
"MAP2K7","MAP2K7",0.5,"NotAge"
"GBF1","GBF1",0.25,"NotAge"
"DDA1","DDA1",0.375,"NotAge"
"CC2D1B","CC2D1B",0.5,"NotAge"
"GPR107","GPR107",0.375,"NotAge"
"SYT11","SYT11",0.25,"NotAge"
"C1QL3","C1QL3",0.125,"NotAge"
"PPM1B","PPM1B",0,"NotAge"
"LINC02671","LINC02671",0,"NotAge"
"TEX26-AS1","TEX26-AS1",0.125,"NotAge"
"RPS27AP6","RPS27AP6",0.125,"NotAge"
"LINC01691","LINC01691",0.125,"NotAge"
"RNVU1-29","RNVU1-29",0.125,"NotAge"
"RNVU1-2A","RNVU1-2A",0.125,"NotAge"
"ZNF812P","ZNF812P",0.125,"NotAge"
"GAPDHP37","GAPDHP37",0,"NotAge"
"SNRNP70","SNRNP70",0,"NotAge"
"DMTF1","DMTF1",0,"NotAge"
"PNISR","PNISR",0.125,"NotAge"
"ALKBH6","ALKBH6",0,"NotAge"
"TJAP1","TJAP1",0.5,"NotAge"
"GRWD1","GRWD1",0,"NotAge"
"PPP5C","PPP5C",0,"NotAge"
"LINC01811","LINC01811",0.25,"NotAge"
"RPL12P19","RPL12P19",0,"NotAge"
"SIAH2-AS1","SIAH2-AS1",0.125,"NotAge"
"LRTM2","LRTM2",0.375,"NotAge"
"IRF3","IRF3",0.125,"NotAge"
"TTC31","TTC31",0.125,"NotAge"
"TBC1D5","TBC1D5",0.125,"NotAge"
"ANP32A","ANP32A",0.375,"NotAge"
"STK11IP","STK11IP",0.125,"NotAge"
"RPS24P7","RPS24P7",0.25,"NotAge"
"TAF15","TAF15",0.125,"NotAge"
"ACAA1","ACAA1",0.125,"NotAge"
"SERBP1P2","SERBP1P2",0.125,"NotAge"
"TINF2","TINF2",0.5,"NotAge"
"TCHP","TCHP",0.5,"NotAge"
"GLYR1","GLYR1",0.625,"NotAge"
"PDCD6IP","PDCD6IP",0.375,"NotAge"
"MTND2P30","MTND2P30",0.375,"NotAge"
"BORCS8-MEF2B","BORCS8-MEF2B",0.375,"NotAge"
"ZNF877P","ZNF877P",0.125,"NotAge"
"TMEM131","TMEM131",0.25,"NotAge"
"CHMP4A","CHMP4A",0.125,"NotAge"
"SPG11","SPG11",0.375,"NotAge"
"EML3","EML3",0.25,"NotAge"
"LINC00310","LINC00310",0.25,"NotAge"
"CHFR","CHFR",0.125,"NotAge"
"NCOR1","NCOR1",0.25,"Age"
"CHKB","CHKB",0.125,"NotAge"
"MCM3AP","MCM3AP",0.125,"NotAge"
"STX16-NPEPL1","STX16-NPEPL1",0.25,"NotAge"
"CCZ1","CCZ1",0.125,"NotAge"
"MEMO1","MEMO1",0.25,"NotAge"
"STX4","STX4",0.125,"NotAge"
"NCKAP1L","NCKAP1L",0.125,"NotAge"
"SNX14","SNX14",0.125,"NotAge"
"ATF7","ATF7",0.125,"NotAge"
"REREP1Y","REREP1Y",0.125,"NotAge"
"CDK13","CDK13",0.25,"NotAge"
"INPPL1","INPPL1",0.375,"NotAge"
"ARNT","ARNT",0.25,"NotAge"
"PANK2","PANK2",0.25,"NotAge"
"ATXN7L3-AS1","ATXN7L3-AS1",0.125,"NotAge"
"ATP9B","ATP9B",0.125,"NotAge"
"WASHC2A","WASHC2A",0.125,"NotAge"
"KDM4C","KDM4C",0.125,"NotAge"
"SMARCD1","SMARCD1",0.125,"NotAge"
"PUM1","PUM1",0.125,"NotAge"
"ARID1A","ARID1A",0.25,"NotAge"
"DCAF1","DCAF1",0.125,"NotAge"
"KDM1A","KDM1A",0.125,"NotAge"
"RN7SL786P","RN7SL786P",0.125,"NotAge"
"RN7SL105P","RN7SL105P",0.125,"NotAge"
"RN7SL451P","RN7SL451P",0.125,"NotAge"
"RN7SL1","RN7SL1",0.125,"NotAge"
"RN7SL420P","RN7SL420P",0.125,"NotAge"
"RN7SL791P","RN7SL791P",0.125,"NotAge"
"RN7SL5P","RN7SL5P",0.125,"NotAge"
"RN7SL191P","RN7SL191P",0.125,"NotAge"
"RN7SL555P","RN7SL555P",0.125,"NotAge"
"RBL2","RBL2",0,"NotAge"
"SNX1","SNX1",0.125,"NotAge"
"PARP4","PARP4",0.125,"NotAge"
"BICRAL","BICRAL",0.125,"NotAge"
"FHIP2B","FHIP2B",0.125,"NotAge"
"INO80E","INO80E",0.125,"NotAge"
"PPIL2","PPIL2",0.125,"NotAge"
"SUGP1","SUGP1",0.25,"NotAge"
"UBE3B","UBE3B",0.125,"NotAge"
"LZTR1","LZTR1",0.125,"NotAge"
"HNRNPUL2-BSCL2","HNRNPUL2-BSCL2",0.125,"NotAge"
"NUMA1","NUMA1",0.25,"NotAge"
"LINC01247","LINC01247",0.25,"NotAge"
"CT47A12","CT47A12",0.125,"NotAge"
"PEX10","PEX10",0.125,"NotAge"
"TAB1","TAB1",0.125,"NotAge"
"FCSK","FCSK",0.125,"NotAge"
"TSNAXIP1","TSNAXIP1",0.125,"NotAge"
"PAN2","PAN2",0.125,"NotAge"
"ZNF76","ZNF76",0.125,"NotAge"
"TRAPPC12","TRAPPC12",0.25,"NotAge"
"PI4KA","PI4KA",0.125,"NotAge"
"ARAP1-AS2","ARAP1-AS2",0.125,"NotAge"
"ARAP1-AS1","ARAP1-AS1",0.125,"NotAge"
"E2F3-IT1","E2F3-IT1",0,"NotAge"
"GAL3ST3","GAL3ST3",0.125,"NotAge"
"CHST8","CHST8",0.125,"NotAge"
"ACTG1P12","ACTG1P12",0,"NotAge"
"ARPC3","ARPC3",0.375,"NotAge"
"GNAI2","GNAI2",0.375,"NotAge"
"CAPZB","CAPZB",0.125,"NotAge"
"CCL3","CCL3",0.125,"NotAge"
"CCL3-AS1","CCL3-AS1",0.125,"NotAge"
"PRKRIP1","PRKRIP1",0,"NotAge"
"MNX1","MNX1",0.125,"NotAge"
"MNX1-AS2","MNX1-AS2",0.125,"NotAge"
"REXO1","REXO1",0.25,"NotAge"
"PES1","PES1",0,"NotAge"
"TRMT2A","TRMT2A",0.25,"NotAge"
"HDGF","HDGF",0,"NotAge"
"PGAM4","PGAM4",0.125,"NotAge"
"NPAS2","NPAS2",0.125,"NotAge"
"TF","TF",0.125,"NotAge"
"SEC14L6","SEC14L6",0,"NotAge"
"LINC03010","LINC03010",0.125,"NotAge"
"CCNG1P1","CCNG1P1",0.125,"NotAge"
"GPM6B","GPM6B",0.125,"NotAge"
"LINC01616","LINC01616",0.25,"NotAge"
"LINC02552","LINC02552",0.125,"NotAge"
"AQP4","AQP4",0.125,"NotAge"
"LIF-AS2","LIF-AS2",0.125,"NotAge"
"LIF","LIF",0.125,"NotAge"
"TRIP12","TRIP12",0.125,"NotAge"
"NRDC","NRDC",0.125,"NotAge"
"HP1BP3","HP1BP3",0.125,"NotAge"
"BRD7","BRD7",0.125,"NotAge"
"H3P6","H3P6",0,"NotAge"
"H3-3A","H3-3A",0.125,"NotAge"
"RBX1P1","RBX1P1",0.125,"NotAge"
"H3P36","H3P36",0.125,"NotAge"
"HRGP1","HRGP1",0.125,"NotAge"
"ADCY7","ADCY7",0.125,"NotAge"
"LMF2","LMF2",0.25,"NotAge"
"CXXC1","CXXC1",0.125,"NotAge"
"LINC01345","LINC01345",0.125,"NotAge"
"TRMT9B","TRMT9B",0.25,"NotAge"
"ACTN4","ACTN4",0.125,"NotAge"
"INO80D-AS1","INO80D-AS1",0.375,"NotAge"
"PRCC","PRCC",0.25,"NotAge"
"SRP68","SRP68",0.125,"NotAge"
"SGTA","SGTA",0.125,"NotAge"
"ELMO1","ELMO1",0,"NotAge"
"MIR1912","MIR1912",0.125,"NotAge"
"TARID","TARID",0.125,"NotAge"
"IGHV3-19","IGHV3-19",0,"NotAge"
"IGKV2-24","IGKV2-24",0.125,"NotAge"
"IGKV2D-24","IGKV2D-24",0.125,"NotAge"
"IGHV3-41","IGHV3-41",0.125,"NotAge"
"RPS26P15","RPS26P15",0.125,"NotAge"
"KCNH3","KCNH3",0.125,"NotAge"
"NFATC3","NFATC3",0,"NotAge"
"TRPM7","TRPM7",0.125,"NotAge"
"NBPF11","NBPF11",0.125,"NotAge"
"SMG1","SMG1",0.125,"NotAge"
"ATF6-DT","ATF6-DT",0.125,"NotAge"
"FRYL","FRYL",0.125,"NotAge"
"MEPE","MEPE",0,"NotAge"
"AP5Z1","AP5Z1",0.125,"NotAge"
"RNU2-15P","RNU2-15P",0,"NotAge"
"RNA5SP229","RNA5SP229",0.125,"NotAge"
"HDAC1","HDAC1",0.125,"Age"
"PI4KB","PI4KB",0.25,"NotAge"
"ZNF384","ZNF384",0.125,"NotAge"
"NSFL1C","NSFL1C",0.125,"NotAge"
"SIGLEC11","SIGLEC11",0,"NotAge"
"RNU6-73P","RNU6-73P",0.125,"NotAge"
"YLPM1","YLPM1",0.125,"NotAge"
"RPRD2","RPRD2",0.25,"NotAge"
"MED1","MED1",0.125,"Age"
"RN7SL178P","RN7SL178P",0,"NotAge"
"CLEC2D","CLEC2D",0,"NotAge"
"HRGP2","HRGP2",0.125,"NotAge"
"PHRF1","PHRF1",0,"NotAge"
"EIF3EP2","EIF3EP2",0,"NotAge"
"SUCLG2P2","SUCLG2P2",0,"NotAge"
"SUCLG2","SUCLG2",0.125,"NotAge"
"SLC7A6","SLC7A6",0.125,"NotAge"
"SLC7A6OS","SLC7A6OS",0.125,"NotAge"
"KMT2D","KMT2D",0.25,"NotAge"
"LINC02785","LINC02785",0,"NotAge"
"RFNG","RFNG",0.125,"NotAge"
"RBMX2P5","RBMX2P5",0.125,"NotAge"
"CMTR1","CMTR1",0.125,"NotAge"
"PLPPR4","PLPPR4",0.125,"NotAge"
"TRIM2","TRIM2",0.125,"NotAge"
"MAPK10","MAPK10",0.125,"NotAge"
"RBBP4P1","RBBP4P1",0,"NotAge"
"RBBP4P2","RBBP4P2",0.125,"NotAge"
"MIR4684","MIR4684",0,"NotAge"
"LINC02572","LINC02572",0.125,"NotAge"
"CDPF1","CDPF1",0.125,"NotAge"
"GLUD1P3","GLUD1P3",0.125,"NotAge"
"DUSP8P5","DUSP8P5",0.125,"NotAge"
"BMS1P4","BMS1P4",0,"NotAge"
"BMS1P4-AGAP5","BMS1P4-AGAP5",0.125,"NotAge"
"ZSWIM8-AS1","ZSWIM8-AS1",0.125,"NotAge"
"PPP1R12C","PPP1R12C",0.25,"NotAge"
"WDR46","WDR46",0.25,"NotAge"
"HNRNPA1P14","HNRNPA1P14",0.125,"NotAge"
"CAMK2G","CAMK2G",0,"NotAge"
"PYDC2-AS1","PYDC2-AS1",0.125,"NotAge"
"RPL36AP55","RPL36AP55",0,"NotAge"
"PARP4P2","PARP4P2",0.125,"NotAge"
"WDR1","WDR1",0.125,"NotAge"
"TPM3","TPM3",0.25,"NotAge"
"MSN","MSN",0.125,"NotAge"
"MTCO3P40","MTCO3P40",0.25,"NotAge"
"ACLY","ACLY",0,"NotAge"
"ELAC2","ELAC2",0.25,"NotAge"
"FOXA3","FOXA3",0.125,"NotAge"
"HMGN2P3","HMGN2P3",0,"NotAge"
"HMGN2P5","HMGN2P5",0.125,"NotAge"
"RPL21P76","RPL21P76",0.125,"NotAge"
"CPS1","CPS1",0.25,"NotAge"
"APOB","APOB",0.125,"NotAge"
"PCSK9","PCSK9",0.125,"NotAge"
"A1CF","A1CF",0.25,"NotAge"
"SLC2A2","SLC2A2",0.25,"NotAge"
"IGF2","IGF2",0.125,"Age"
"PODXL","PODXL",0.125,"NotAge"
"YAP1","YAP1",0.125,"NotAge"
"GFRA1","GFRA1",0.125,"NotAge"
"FENDRR","FENDRR",0.125,"NotAge"
"SLC5A4","SLC5A4",0.125,"NotAge"
"NES","NES",0.125,"NotAge"
"UBA1","UBA1",0.25,"NotAge"
"CERS2","CERS2",0.125,"NotAge"
"SMARCD2","SMARCD2",0.25,"NotAge"
"HM13","HM13",0.125,"NotAge"
"AP1M1","AP1M1",0.125,"NotAge"
"FAM218BP","FAM218BP",0.125,"NotAge"
"RPL23AP27","RPL23AP27",0.125,"NotAge"
"CAPN12","CAPN12",0,"NotAge"
"SNORA50D","SNORA50D",0.125,"NotAge"
"FAUP1","FAUP1",0.125,"NotAge"
"RPS11P5","RPS11P5",0.125,"NotAge"
"AKT1","AKT1",0.125,"Age"
"CAPNS1","CAPNS1",0.25,"NotAge"
"PFKL","PFKL",0.125,"NotAge"
"BRK1","BRK1",0.125,"NotAge"
"ANXA11","ANXA11",0.25,"NotAge"
"ARPC2","ARPC2",0.125,"NotAge"
"SERP1","SERP1",0.25,"NotAge"
"PFDN5","PFDN5",0.125,"NotAge"
"OXA1L","OXA1L",0.125,"NotAge"
"PGLS","PGLS",0.125,"NotAge"
"PPP4C","PPP4C",0.125,"NotAge"
"SCAMP2","SCAMP2",0.125,"NotAge"
"RHOA","RHOA",0.125,"NotAge"
"PEX16","PEX16",0.125,"NotAge"
"RN7SL625P","RN7SL625P",0,"NotAge"
"RN7SL454P","RN7SL454P",0.25,"NotAge"
"RN7SL237P","RN7SL237P",0.25,"NotAge"
"HMGN2P18","HMGN2P18",0,"NotAge"
"PKP4","PKP4",0.125,"NotAge"
"BAD","BAD",0.125,"NotAge"
"GPR137","GPR137",0.125,"NotAge"
"H2AZ1-DT","H2AZ1-DT",0,"NotAge"
"H2AZ1","H2AZ1",0.125,"NotAge"
"AGAP2","AGAP2",0.125,"NotAge"
"AGAP2-AS1","AGAP2-AS1",0.125,"NotAge"
"DRD5","DRD5",0,"NotAge"
"RNF115","RNF115",0,"NotAge"
"MECP2","MECP2",0.125,"NotAge"
"OCIAD1","OCIAD1",0.125,"NotAge"
"CGGBP1","CGGBP1",0.125,"NotAge"
"HTATSF1","HTATSF1",0.125,"NotAge"
"MFF","MFF",0.125,"NotAge"
"GNAQ","GNAQ",0.125,"NotAge"
"ANXA7","ANXA7",0.125,"NotAge"
"NBPF25P","NBPF25P",0,"NotAge"
"NBPF9","NBPF9",0.125,"NotAge"
"NBPF14","NBPF14",0.125,"NotAge"
"NBPF19","NBPF19",0.125,"NotAge"
"NBPF10","NBPF10",0.125,"NotAge"
"NBPF12","NBPF12",0.125,"NotAge"
"NBPF20","NBPF20",0.125,"NotAge"
"FERMT3","FERMT3",0.125,"NotAge"
"TGFB1","TGFB1",0.125,"Age"
"TRMT112","TRMT112",0,"NotAge"
"NDUFA11","NDUFA11",0.125,"NotAge"
"BANF1","BANF1",0.375,"NotAge"
"SBDSP1","SBDSP1",0,"NotAge"
"CIDEB","CIDEB",0.125,"NotAge"
"CDK4","CDK4",0.125,"NotAge"
"BANF1P3","BANF1P3",0.25,"NotAge"
"TSPAN31","TSPAN31",0.125,"NotAge"
"RSRC2","RSRC2",0,"NotAge"
"BCLAF1","BCLAF1",0.125,"NotAge"
"ELF2","ELF2",0.125,"NotAge"
"RAPGEF4-AS1","RAPGEF4-AS1",0.125,"NotAge"
"PPP4R3A","PPP4R3A",0.125,"NotAge"
"SREK1","SREK1",0.125,"NotAge"
"BCLAF1P2","BCLAF1P2",0.125,"NotAge"
"CLK1","CLK1",0.125,"NotAge"
"RBBP6","RBBP6",0.125,"NotAge"
"EIF5","EIF5",0.125,"NotAge"
"KRTCAP2","KRTCAP2",0,"NotAge"
"ATRAID","ATRAID",0.125,"NotAge"
"TGOLN2","TGOLN2",0.125,"NotAge"
"DDOST","DDOST",0.125,"NotAge"
"MAN2B2","MAN2B2",0.125,"NotAge"
"ERP44","ERP44",0.125,"NotAge"
"EMC10","EMC10",0.125,"NotAge"
"CMTM7","CMTM7",0.125,"NotAge"
"SUMF1","SUMF1",0.125,"NotAge"
"EDEM2","EDEM2",0.125,"NotAge"
"CCDC22","CCDC22",0.25,"NotAge"
"DHRS4","DHRS4",0.125,"NotAge"
"GPR108","GPR108",0.125,"NotAge"
"SLK","SLK",0,"NotAge"
"LENEP","LENEP",0.125,"NotAge"
"UGT2B4","UGT2B4",0.125,"NotAge"
"DNAH11","DNAH11",0,"NotAge"
"CDCA7L","CDCA7L",0.125,"NotAge"
"WASF2","WASF2",0,"NotAge"
"KRT18P27","KRT18P27",0.125,"NotAge"
"CTDSPL2-DT","CTDSPL2-DT",0.125,"NotAge"
"GOLM2","GOLM2",0.125,"NotAge"
"ZNF513","ZNF513",0.125,"NotAge"
"SPSB3","SPSB3",0.25,"NotAge"
"NRBP1","NRBP1",0,"NotAge"
"SNX17","SNX17",0,"NotAge"
"BCKDHA","BCKDHA",0.125,"NotAge"
"CYB561A3","CYB561A3",0.125,"NotAge"
"GEMIN7-AS1","GEMIN7-AS1",0.125,"NotAge"
"GEMIN7","GEMIN7",0.125,"NotAge"
"MIR548D2","MIR548D2",0,"NotAge"
"RNU6-624P","RNU6-624P",0.125,"NotAge"
"TMEM205","TMEM205",0,"NotAge"
"NUP35P2","NUP35P2",0.125,"NotAge"
"RAF1","RAF1",0,"NotAge"
"EPOR","EPOR",0,"Age"
"BORCS6","BORCS6",0.125,"NotAge"
"MORN5","MORN5",0.125,"NotAge"
"GMIP","GMIP",0,"NotAge"
"SHKBP1","SHKBP1",0.125,"NotAge"
"WAS","WAS",0.125,"NotAge"
"BCL2L12","BCL2L12",0.25,"NotAge"
"SEC63P1","SEC63P1",0.125,"NotAge"
"LINC01724","LINC01724",0.125,"NotAge"
"CYP1D1P","CYP1D1P",0.125,"NotAge"
"SERBP1P6","SERBP1P6",0.125,"NotAge"
"MRPS15","MRPS15",0.125,"NotAge"
"CLPTM1","CLPTM1",0,"NotAge"
"AP2M1","AP2M1",0.125,"NotAge"
"NACC1","NACC1",0.125,"NotAge"
"POLR3H","POLR3H",0.125,"NotAge"
"PTPA","PTPA",0.125,"NotAge"
"PIN1","PIN1",0.125,"Age"
"GSK3A","GSK3A",0.125,"Age"
"PPP2R1A","PPP2R1A",0.125,"NotAge"
"SCAF1","SCAF1",0.125,"NotAge"
"TEPSIN","TEPSIN",0.125,"NotAge"
"PIP4P1","PIP4P1",0.125,"NotAge"
"CTDSPL2","CTDSPL2",0,"NotAge"
"EIF3E","EIF3E",0.125,"NotAge"
"SFPQP1","SFPQP1",0.125,"NotAge"
"COL12A1","COL12A1",0.125,"NotAge"
"SLC7A2","SLC7A2",0.125,"NotAge"
"MIR642B","MIR642B",0,"NotAge"
"TAFA2","TAFA2",0.125,"NotAge"
"UBTF","UBTF",0.125,"NotAge"
"EIF2B5","EIF2B5",0.125,"NotAge"
"MMS19","MMS19",0.125,"NotAge"
"MTRF1LP2","MTRF1LP2",0.125,"NotAge"
"BORCS8","BORCS8",0.125,"NotAge"
"PDPK1","PDPK1",0.125,"Age"
"WASH9P","WASH9P",0.125,"NotAge"
"ZFYVE27","ZFYVE27",0.125,"NotAge"
"ZFYVE26","ZFYVE26",0.125,"NotAge"
"ARHGEF2","ARHGEF2",0.125,"NotAge"
"ZNF142","ZNF142",0.125,"NotAge"
"APOC2","APOC2",0,"NotAge"
"TAF13P2","TAF13P2",0.125,"NotAge"
"SUMO1","SUMO1",0,"Age"
"SUMO1P3","SUMO1P3",0,"NotAge"
"MAGEC1","MAGEC1",0,"NotAge"
"INS-IGF2","INS-IGF2",0,"NotAge"
"STUB1","STUB1",0,"Age"
"HIF1A","HIF1A",0,"Age"
"HIF1A-AS1","HIF1A-AS1",0,"NotAge"
"SNRNP200","SNRNP200",0,"NotAge"
"RPS4XP2","RPS4XP2",0,"NotAge"
"C22orf39","C22orf39",0,"NotAge"
"MOGS","MOGS",0,"NotAge"
"RAD9A","RAD9A",0,"NotAge"
"PDE4B-AS1","PDE4B-AS1",0,"NotAge"
"MUS81","MUS81",0,"NotAge"
"DDX19A","DDX19A",0,"NotAge"
"PIGO","PIGO",0,"NotAge"
"NIPA2","NIPA2",0,"NotAge"
"TM9SF4","TM9SF4",0,"NotAge"
"UBE2E1","UBE2E1",0,"NotAge"
"RNF126","RNF126",0,"NotAge"
"RBM15B","RBM15B",0,"NotAge"
"DNAJC14","DNAJC14",0,"NotAge"
"ZNF598","ZNF598",0,"NotAge"
"ARFGAP2","ARFGAP2",0,"NotAge"
"GSK3B","GSK3B",0,"Age"
"H3P9","H3P9",0,"NotAge"
"CEBPB","CEBPB",0,"Age"
"CEBPB-AS1","CEBPB-AS1",0,"NotAge"
"ERCC6","ERCC6",0,"Age"
"EP300","EP300",0,"Age"
"UBE2K","UBE2K",0,"NotAge"
"RALGAPB","RALGAPB",0,"NotAge"
"VPS51","VPS51",0,"NotAge"
"ERCC5","ERCC5",0,"Age"
"RBM26","RBM26",0,"NotAge"
"BIVM-ERCC5","BIVM-ERCC5",0,"NotAge"
"XRCC5","XRCC5",0,"Age"
"FCF1","FCF1",0,"NotAge"
"HNRNPR","HNRNPR",0,"NotAge"
"DPY30","DPY30",0,"NotAge"
"BAX","BAX",0,"Age"
"RECQL4","RECQL4",0,"Age"
"TONSL","TONSL",0,"NotAge"
"PRDX1","PRDX1",0,"Age"
"MMACHC","MMACHC",0,"NotAge"
"FBRS","FBRS",0,"NotAge"
"TOP3B","TOP3B",0,"Age"
"NRBF2P2","NRBF2P2",0,"NotAge"
"CNOT1","CNOT1",0,"NotAge"
"HSPA9","HSPA9",0,"Age"
"AFG3L2","AFG3L2",0,"NotAge"
"YWHAZ","YWHAZ",0,"Age"
"YWHAZP3","YWHAZP3",0,"NotAge"
"MAPK9","MAPK9",0,"Age"
"KLC1","KLC1",0,"NotAge"
"TIAL1","TIAL1",0,"NotAge"
"ANKHD1","ANKHD1",0,"NotAge"
"BIRC6","BIRC6",0,"NotAge"
"SDHC","SDHC",0,"Age"
"BMI1","BMI1",0,"Age"
"COMMD3-BMI1","COMMD3-BMI1",0,"NotAge"
"EEF1A1P11","EEF1A1P11",0,"NotAge"
"EEF1A1P20","EEF1A1P20",0,"NotAge"
"TFAP2A","TFAP2A",0,"Age"
"MTOR","MTOR",0,"Age"
"CES1","CES1",0,"NotAge"
"RAB1B","RAB1B",0,"NotAge"
"ARPC4","ARPC4",0,"NotAge"
"CAPN1","CAPN1",0,"NotAge"
"GCLC","GCLC",0,"Age"
"GCLC-AS1","GCLC-AS1",0,"NotAge"
"LYPLA2","LYPLA2",0,"NotAge"
"POLR2E","POLR2E",0,"NotAge"
"HSPBP1","HSPBP1",0,"NotAge"
"GPS1","GPS1",0,"NotAge"
"FAM3A","FAM3A",0,"NotAge"
"NUBP2","NUBP2",0,"NotAge"
"CDIPT","CDIPT",0,"NotAge"
"MICOS13","MICOS13",0,"NotAge"
"DAPK3","DAPK3",0,"NotAge"
"TFPT","TFPT",0,"NotAge"
"CLTA","CLTA",0,"NotAge"
"POLRMT","POLRMT",0,"NotAge"
"METTL26","METTL26",0,"NotAge"
"PTGES2","PTGES2",0,"NotAge"
"USP5","USP5",0,"NotAge"
"CCDC124","CCDC124",0,"NotAge"
"NDUFB10","NDUFB10",0,"NotAge"
"CIAO2B","CIAO2B",0,"NotAge"
"MLST8","MLST8",0,"NotAge"
"PPIAP28","PPIAP28",0,"NotAge"
"TMEM129","TMEM129",0,"NotAge"
"VAMP3","VAMP3",0,"NotAge"
"EEF1E1","EEF1E1",0,"Age"
"EEF1E1-BLOC1S5","EEF1E1-BLOC1S5",0,"NotAge"
"TPP2","TPP2",0,"Age"
"RBM25","RBM25",0,"NotAge"
"ZMYM2","ZMYM2",0,"NotAge"
"TP53BP1","TP53BP1",0,"Age"
"TUBGCP4","TUBGCP4",0,"NotAge"
"HTRA2","HTRA2",0,"Age"
"MAP2K2","MAP2K2",0,"NotAge"
"RAB4B-EGLN2","RAB4B-EGLN2",0,"NotAge"
"HNRNPA3P2","HNRNPA3P2",0,"NotAge"
"SQSTM1","SQSTM1",0,"Age"
"MRNIP","MRNIP",0,"NotAge"
